token,experiment,run,tooth_id,group,heuristic_score,human,small|per-tooth|top1%,small|per-tooth|top5%,small|per-tooth|top10%,small|per-tooth|mean,small|per-tooth|max,small|per-exp|top1%,small|per-exp|top5%,small|per-exp|top10%,small|per-exp|mean,small|per-exp|max,base|per-tooth|top1%,base|per-tooth|top5%,base|per-tooth|top10%,base|per-tooth|mean,base|per-tooth|max,base|per-exp|top1%,base|per-exp|top5%,base|per-exp|top10%,base|per-exp|mean,base|per-exp|max
img_7e033240.jpg,EXP-A,1,19,low,1.199013647378938,clean,0.4949258863925934,0.4648544490337372,0.37627965211868286,0.1398567110300064,0.5115020275115967,0.22907061874866486,0.21086172759532928,0.19426381587982178,0.09941895306110382,0.24838745594024658,0.5637627840042114,0.5059680938720703,0.4442937672138214,0.19084693491458893,0.5973539352416992,0.37225112318992615,0.3173343241214752,0.26534712314605713,0.13703840970993042,0.39651596546173096
img_608d26ae.jpg,EXP-A,2,20,low,1.2869350792908465,clean,0.4102976322174072,0.3621937036514282,0.33165279030799866,0.1625051498413086,0.4177243113517761,0.2812080681324005,0.2616671323776245,0.2442750185728073,0.13018815219402313,0.2864381670951843,0.4784851372241974,0.38744163513183594,0.3473189175128937,0.19569191336631775,0.5267077684402466,0.3511415719985962,0.30416661500930786,0.2812817692756653,0.16336888074874878,0.37638962268829346
img_990d6704.jpg,EXP-A,3,26,low,1.310318438841886,damaged,0.389387845993042,0.35071200132369995,0.32767951488494873,0.21411670744419098,0.438524067401886,0.29697468876838684,0.27629032731056213,0.2630039155483246,0.17907071113586426,0.30549854040145874,0.45859527587890625,0.391776978969574,0.3675386905670166,0.2636125385761261,0.49509453773498535,0.3419289290904999,0.3039543330669403,0.28813162446022034,0.20507128536701202,0.37706732749938965
img_4e9fe55b.jpg,EXP-A,1,18,low,1.4151609200289104,clean,0.5014613270759583,0.4378673732280731,0.37428590655326843,0.15242311358451843,0.5280947685241699,0.2673322260379791,0.24015049636363983,0.22382450103759766,0.11065292358398438,0.3039005994796753,0.46418824791908264,0.39597806334495544,0.3538503646850586,0.193703755736351,0.48538023233413696,0.3539818525314331,0.3148529827594757,0.2823359966278076,0.15387488901615143,0.36741816997528076
img_f4966712.jpg,EXP-A,5,27,low,1.456740784830577,damaged,0.5810587406158447,0.5359430313110352,0.5044164657592773,0.25057607889175415,0.5995568037033081,0.37165871262550354,0.3346119523048401,0.31779342889785767,0.16506065428256989,0.4039490222930908,0.5432911515235901,0.5135670304298401,0.4880020320415497,0.2830401062965393,0.5759522914886475,0.4444994628429413,0.40365341305732727,0.3775970935821533,0.21056047081947327,0.47150933742523193
img_5b0843ae.jpg,EXP-A,2,19,low,1.4927936737383614,clean,0.5663344264030457,0.5472152233123779,0.5032138824462891,0.222877636551857,0.5743666887283325,0.30488577485084534,0.2842153012752533,0.2700521945953369,0.14539393782615662,0.3190503716468811,0.6111276149749756,0.5653660297393799,0.5207875967025757,0.2615380883216858,0.6180644631385803,0.40944144129753113,0.38260316848754883,0.3542994558811188,0.19075652956962585,0.42846596240997314
img_d35c9342.jpg,EXP-A,2,24,low,1.5343735385400281,damaged,0.43194127082824707,0.3816884458065033,0.3519430458545685,0.1503092348575592,0.4848964214324951,0.2650561034679413,0.24318070709705353,0.22661373019218445,0.11839094758033752,0.2801898717880249,0.4801671504974365,0.4191298186779022,0.3823346495628357,0.20216776430606842,0.5381103157997131,0.3602859079837799,0.32123419642448425,0.28989627957344055,0.1594533920288086,0.3775096535682678
img_c733caf2.jpg,EXP-A,4,15,high,5.53267293057268,clean,0.3437747657299042,0.3170661926269531,0.3021336495876312,0.16964343190193176,0.36477768421173096,0.34259796142578125,0.3147643506526947,0.2966645061969757,0.15678630769252777,0.36477768421173096,0.4743218421936035,0.4460170567035675,0.4256290793418884,0.2535184621810913,0.48712629079818726,0.43279480934143066,0.4073142111301422,0.3884131610393524,0.2098511904478073,0.4636320471763611
img_86d27905.jpg,EXP-A,5,7,high,5.545937672717996,damaged,0.5446215271949768,0.5017708539962769,0.4636746346950531,0.19328050315380096,0.5578699111938477,0.349198579788208,0.32210028171539307,0.30582812428474426,0.15560750663280487,0.37027788162231445,0.5540360808372498,0.5274084806442261,0.49821990728378296,0.2558833360671997,0.5645167231559753,0.4687122404575348,0.43346622586250305,0.4054963290691376,0.20695321261882782,0.48306572437286377
img_88b6bbfc.jpg,EXP-A,4,26,high,5.825857744143532,damaged,0.47864416241645813,0.4452323615550995,0.4147704541683197,0.220940500497818,0.5057204365730286,0.3484770357608795,0.3224349021911621,0.30282261967658997,0.162863627076149,0.36117517948150635,0.5862051248550415,0.4813210666179657,0.4364665448665619,0.26345711946487427,0.6106606125831604,0.42185190320014954,0.37984198331832886,0.3556683361530304,0.2087778002023697,0.4329943060874939
img_3e076a8e.jpg,EXP-A,5,24,high,5.837251817524765,damaged,0.5651585459709167,0.5375450253486633,0.503900408744812,0.2911466658115387,0.5763850808143616,0.48051631450653076,0.43629375100135803,0.40533867478370667,0.24097298085689545,0.501889705657959,0.7312518954277039,0.6928325891494751,0.6548176407814026,0.3249974548816681,0.742131769657135,0.6093616485595703,0.5752148628234863,0.5496340394020081,0.2766275703907013,0.6315021514892578
img_d1b4e837.jpg,EXP-A,5,28,high,6.03290676416819,damaged,0.5870055556297302,0.5585634708404541,0.5297378897666931,0.3622201681137085,0.6057089567184448,0.41432884335517883,0.3934025764465332,0.37740644812583923,0.22820758819580078,0.4280382990837097,0.6993556022644043,0.6620173454284668,0.6013647317886353,0.39771711826324463,0.703804612159729,0.4842212498188019,0.4489966928958893,0.42676302790641785,0.29872605204582214,0.5149576663970947
img_3532b985.jpg,EXP-A,4,25,high,7.048764933463714,damaged,0.45938196778297424,0.4421216547489166,0.4244319200515747,0.27759799361228943,0.46361076831817627,0.36815550923347473,0.3473048508167267,0.32968252897262573,0.20290721952915192,0.3777627944946289,0.5210340619087219,0.4460267126560211,0.41491466760635376,0.2814267873764038,0.5842670202255249,0.41113170981407166,0.3688073456287384,0.3443034589290619,0.23123972117900848,0.4569929838180542
img_aee54c1d.jpg,EXP-A,4,28,high,7.2329407763275375,damaged,0.5379281640052795,0.49458232522010803,0.4700581133365631,0.295926570892334,0.5595475435256958,0.3477686941623688,0.32834529876708984,0.31192806363105774,0.20483824610710144,0.35963451862335205,0.6654068231582642,0.6205832362174988,0.5752127170562744,0.38880014419555664,0.6735155582427979,0.456030935049057,0.4169090688228607,0.3999909460544586,0.2854333519935608,0.4742565155029297
img_7bf96eea.jpg,EXP-B,1,23,low,0.28476680413247735,clean,0.3708440363407135,0.27144598960876465,0.2110050767660141,0.1063666120171547,0.3811165690422058,0.14119718968868256,0.12113107740879059,0.11228203773498535,0.06774401664733887,0.15691769123077393,0.44357404112815857,0.3675677180290222,0.30180054903030396,0.13686247169971466,0.45099496841430664,0.2002081722021103,0.17083801329135895,0.15366120636463165,0.0868365615606308,0.20799148082733154
img_3a544c95.jpg,EXP-B,1,14,low,0.5881552655074189,clean,0.4001418650150299,0.32197344303131104,0.2666265666484833,0.10028477758169174,0.43542027473449707,0.22192871570587158,0.1784045547246933,0.15581099689006805,0.07565023750066757,0.24357271194458008,0.48853933811187744,0.4033048152923584,0.35071900486946106,0.14312142133712769,0.5628824234008789,0.32104480266571045,0.2475125789642334,0.2160922884941101,0.10456229746341705,0.35415148735046387
img_650dbde1.jpg,EXP-B,2,27,low,0.6846647676544365,clean,0.5507352948188782,0.42354917526245117,0.3786630928516388,0.2436525970697403,0.5814879536628723,0.23455893993377686,0.21409595012664795,0.19822296500205994,0.12876443564891815,0.2410089373588562,0.5849080681800842,0.45397040247917175,0.38427430391311646,0.22359409928321838,0.6102305054664612,0.275412380695343,0.21756567060947418,0.19686229526996613,0.12405818700790405,0.29705560207366943
img_a4368909.jpg,EXP-B,2,14,low,0.7293057267973301,clean,0.3760763704776764,0.31857192516326904,0.26267749071121216,0.12147507071495056,0.40160703659057617,0.206792414188385,0.1888522505760193,0.17166857421398163,0.09729635715484619,0.21283358335494995,0.5486090779304504,0.47216078639030457,0.4014277160167694,0.15714243054389954,0.590729832649231,0.3597489893436432,0.2960377633571625,0.24911746382713318,0.11302687227725983,0.3824213743209839
img_09fddde8.jpg,EXP-B,7,20,low,0.7386590706177458,clean,0.4268559515476227,0.3522520661354065,0.3126480281352997,0.14600206911563873,0.43943125009536743,0.26288214325904846,0.21623945236206055,0.19582994282245636,0.09744909405708313,0.28753840923309326,0.5059019327163696,0.3956115245819092,0.356265664100647,0.1837967038154602,0.5462835431098938,0.2879985570907593,0.2503294050693512,0.22434251010417938,0.11513828486204147,0.31230586767196655
img_da3551b2.jpg,EXP-B,2,19,low,0.7429105905361166,clean,0.3225337564945221,0.2687205672264099,0.23739582300186157,0.12927499413490295,0.3466096520423889,0.17719030380249023,0.15607798099517822,0.14733044803142548,0.09183864295482635,0.18670427799224854,0.46890702843666077,0.36547476053237915,0.3181934654712677,0.15918849408626556,0.5065940618515015,0.2716844081878662,0.2251373827457428,0.1969853788614273,0.10760088264942169,0.31048011779785156
img_60a5d114.jpg,EXP-B,3,23,low,0.7496279920071426,clean,0.4408511221408844,0.3934202492237091,0.35220199823379517,0.18910786509513855,0.451507568359375,0.18955166637897491,0.16415762901306152,0.15301425755023956,0.10021085292100906,0.20238149166107178,0.5751283764839172,0.49312812089920044,0.4525378346443176,0.23390960693359375,0.5849076509475708,0.25586679577827454,0.214646577835083,0.19798830151557922,0.11915728449821472,0.29277247190475464
img_59a4fdc0.jpg,EXP-B,7,12,high,4.7765826282896136,damaged,0.2637263536453247,0.23383451998233795,0.21631380915641785,0.12774577736854553,0.28685063123703003,0.23378010094165802,0.2039014995098114,0.19051599502563477,0.121415875852108,0.25159215927124023,0.40320301055908203,0.3483997881412506,0.3253466784954071,0.20408199727535248,0.4617806077003479,0.37285247445106506,0.31591641902923584,0.2865886688232422,0.17489373683929443,0.384337842464447
img_c52e51b0.jpg,EXP-B,1,17,high,4.942646996301177,unsure,0.3930884301662445,0.38089415431022644,0.3713389039039612,0.1962582767009735,0.396182656288147,0.19016261398792267,0.1695583611726761,0.15982846915721893,0.11810655891895294,0.22232460975646973,0.5584256052970886,0.53342205286026,0.5128722786903381,0.25130513310432434,0.5700942277908325,0.2724801301956177,0.2429618239402771,0.2295255810022354,0.1602775901556015,0.29157865047454834
img_4e05d267.jpg,EXP-B,4,18,high,4.9948556608987715,unsure,0.5021879076957703,0.4621323347091675,0.4349541664123535,0.2751442790031433,0.5090048313140869,0.34275421500205994,0.3196749687194824,0.292444109916687,0.1689581573009491,0.3560762405395508,0.6272168755531311,0.6110538244247437,0.5917498469352722,0.3798886239528656,0.630878746509552,0.4224902093410492,0.3984430134296417,0.3742072284221649,0.21915125846862793,0.43642157316207886
img_1438dbca.jpg,EXP-B,5,10,high,5.110582033076825,damaged,0.44973233342170715,0.43381136655807495,0.418802946805954,0.24715924263000488,0.45375561714172363,0.35857006907463074,0.3026653230190277,0.28018319606781006,0.16491515934467316,0.3798633813858032,0.5885498523712158,0.5678380131721497,0.5510570406913757,0.38783884048461914,0.5972977876663208,0.4445628225803375,0.4035629332065582,0.38013070821762085,0.25324612855911255,0.4872261881828308
img_f1ecb984.jpg,EXP-B,4,8,high,5.599676884486204,clean,0.4067420959472656,0.39050933718681335,0.3779699504375458,0.2457139939069748,0.4113478660583496,0.24345014989376068,0.22996488213539124,0.21793502569198608,0.1559302806854248,0.2545813322067261,0.671504020690918,0.6456329226493835,0.6153949499130249,0.36045125126838684,0.6771586537361145,0.4055837392807007,0.3790559768676758,0.3616108000278473,0.24767057597637177,0.42101573944091797
img_27818e63.jpg,EXP-B,4,5,high,5.686918073211173,clean,0.5109605193138123,0.38027405738830566,0.33454465866088867,0.18963158130645752,0.5490171909332275,0.3980918228626251,0.31520938873291016,0.2669079899787903,0.1432172954082489,0.4344826936721802,0.5290396213531494,0.4046262204647064,0.36510416865348816,0.1981944441795349,0.560574471950531,0.42916977405548096,0.37330007553100586,0.33636799454689026,0.18492530286312103,0.4456125497817993
img_f3b88a1b.jpg,EXP-B,5,15,high,8.793418647166362,unsure,0.473925918340683,0.45867642760276794,0.44861340522766113,0.27071863412857056,0.48567265272140503,0.2549757659435272,0.2321976274251938,0.21882319450378418,0.1515876203775406,0.2661139965057373,0.6571736931800842,0.6384590864181519,0.6217800378799438,0.37376415729522705,0.6732369661331177,0.3322662115097046,0.29919758439064026,0.28279557824134827,0.18660695850849152,0.34936124086380005
img_733ecf40.jpg,EXP-F,3,25,low,1.0766549041282258,clean,0.38050007820129395,0.3254048228263855,0.27565592527389526,0.13175669312477112,0.39214515686035156,0.330078661441803,0.2699268162250519,0.22277790307998657,0.11409731209278107,0.343666672706604,0.4664579927921295,0.3490438163280487,0.3093492388725281,0.18462100625038147,0.5164646506309509,0.2817640006542206,0.23821695148944855,0.21523399651050568,0.13190235197544098,0.3217613101005554
img_a4b01360.jpg,EXP-F,4,25,low,1.101568810849879,clean,0.45303651690483093,0.39206352829933167,0.3338398337364197,0.13552366197109222,0.4654545783996582,0.3670829236507416,0.31348446011543274,0.2685464024543762,0.11762294918298721,0.38153982162475586,0.4279341995716095,0.3590995669364929,0.31899216771125793,0.1879778802394867,0.4641891121864319,0.34363171458244324,0.28800728917121887,0.24936403334140778,0.13370107114315033,0.3594115972518921
img_76f9f623.jpg,EXP-F,5,27,low,1.3459461757578335,clean,0.3636833727359772,0.3234172761440277,0.2914491295814514,0.14739464223384857,0.38750195503234863,0.28490927815437317,0.2537643611431122,0.2311566025018692,0.110159732401371,0.3005436062812805,0.4667130410671234,0.3888625204563141,0.34950754046440125,0.2008831799030304,0.5048375725746155,0.36589494347572327,0.3064135015010834,0.2794347107410431,0.1605415642261505,0.3932769298553467
img_6bb0a59f.jpg,EXP-F,1,26,low,1.350962969261511,clean,0.4858410358428955,0.4122518002986908,0.34868860244750977,0.17042595148086548,0.5045976638793945,0.33922287821769714,0.2785116732120514,0.2286406010389328,0.12352460622787476,0.35135209560394287,0.45894885063171387,0.40491601824760437,0.3773515224456787,0.212192565202713,0.49342507123947144,0.3305915892124176,0.2587690055370331,0.22752410173416138,0.1428305208683014,0.37576746940612793
img_80863e89.jpg,EXP-F,6,28,low,1.354874367586412,clean,0.4460694491863251,0.4154728651046753,0.38396430015563965,0.17227105796337128,0.45200055837631226,0.37962016463279724,0.33555370569229126,0.3061774969100952,0.13172735273838043,0.4232316017150879,0.5257427096366882,0.47191891074180603,0.43774864077568054,0.23678065836429596,0.5568321347236633,0.42386937141418457,0.3605581820011139,0.32219168543815613,0.1775548756122589,0.47729402780532837
img_eeb16a25.jpg,EXP-F,1,24,low,1.3616767994558054,clean,0.3961045742034912,0.3324506878852844,0.2884446084499359,0.13915377855300903,0.4182000756263733,0.2854260802268982,0.22708773612976074,0.19121842086315155,0.09275691211223602,0.29631125926971436,0.4155336916446686,0.37466171383857727,0.3450183570384979,0.20382282137870789,0.43149614334106445,0.3110590875148773,0.24391408264636993,0.22281652688980103,0.13402491807937622,0.3623810410499573
img_35b35b24.jpg,EXP-F,4,14,low,1.3939883508354236,clean,0.42025020718574524,0.38709625601768494,0.3585548400878906,0.1541716754436493,0.43138647079467773,0.3499988615512848,0.3235604166984558,0.29866185784339905,0.13477429747581482,0.35445237159729004,0.4254537522792816,0.37629297375679016,0.349075585603714,0.1924988329410553,0.4560713768005371,0.3456510007381439,0.29754209518432617,0.272727370262146,0.15176039934158325,0.3605947494506836
img_fac17d0a.jpg,EXP-F,6,23,high,5.262021172569193,damaged,0.4866296052932739,0.4350045323371887,0.40018975734710693,0.22697338461875916,0.5026557445526123,0.32542023062705994,0.28839102387428284,0.27323174476623535,0.15473473072052002,0.35421401262283325,0.5907728672027588,0.5412448644638062,0.506260871887207,0.2671569287776947,0.6134874820709229,0.4639029800891876,0.4279381036758423,0.39242225885391235,0.19703471660614014,0.4799920916557312
img_31b7de6f.jpg,EXP-F,5,18,high,5.275115853917776,clean,0.4823847711086273,0.4326159656047821,0.39568907022476196,0.17052704095840454,0.512555718421936,0.30664578080177307,0.2864567041397095,0.2649502158164978,0.1247539147734642,0.33227360248565674,0.49426355957984924,0.4635796844959259,0.43680259585380554,0.24077685177326202,0.5049715638160706,0.35871025919914246,0.33865466713905334,0.32329291105270386,0.18433329463005066,0.38457512855529785
img_e2f63215.jpg,EXP-F,7,15,high,5.735215339483865,damaged,0.4737376272678375,0.4379561245441437,0.40141451358795166,0.1692335307598114,0.5027904510498047,0.3419943153858185,0.3182964324951172,0.2981322705745697,0.12656106054782867,0.35258805751800537,0.5607732534408569,0.4934724271297455,0.44281893968582153,0.22021642327308655,0.5806702375411987,0.408989280462265,0.35806673765182495,0.32677480578422546,0.17220649123191833,0.42591631412506104
img_45c5738a.jpg,EXP-F,5,20,high,5.829088899281493,unsure,0.522006094455719,0.488188773393631,0.44394341111183167,0.21372739970684052,0.5585476756095886,0.30861327052116394,0.2904987335205078,0.26741185784339905,0.13322527706623077,0.310846209526062,0.5015774965286255,0.42860880494117737,0.3852199614048004,0.19731946289539337,0.5344923138618469,0.3284884989261627,0.29985490441322327,0.27759450674057007,0.15865164995193481,0.3475080728530884
img_e67cbd42.jpg,EXP-F,8,9,high,5.90323540665788,damaged,0.5339201092720032,0.49418288469314575,0.4603411555290222,0.2335323840379715,0.5825019478797913,0.4414343535900116,0.4030206501483917,0.3678153455257416,0.17608217895030975,0.4791884422302246,0.6254055500030518,0.5801092386245728,0.5449288487434387,0.2821720838546753,0.6409369707107544,0.5621320009231567,0.5210906267166138,0.4820749759674072,0.23813660442829132,0.5951544046401978
img_21739fa7.jpg,EXP-F,6,21,high,6.3947111092215465,damaged,0.4205138683319092,0.38121888041496277,0.3515584170818329,0.15637166798114777,0.4804424047470093,0.3570921719074249,0.3284282386302948,0.3025757968425751,0.13048768043518066,0.39243829250335693,0.4273871183395386,0.4014471769332886,0.38145846128463745,0.21412982046604156,0.4517453908920288,0.3427584171295166,0.318879097700119,0.302899569272995,0.16118809580802917,0.37190574407577515
img_01db6e1d.jpg,EXP-F,5,22,high,7.419582500744016,clean,0.468467116355896,0.43595635890960693,0.39480072259902954,0.20037007331848145,0.49657487869262695,0.34720900654792786,0.3203089237213135,0.3057940900325775,0.1643373966217041,0.37216371297836304,0.58441561460495,0.5296732187271118,0.4891694486141205,0.24267129600048065,0.6292736530303955,0.4754648506641388,0.429232656955719,0.3765576481819153,0.18888042867183685,0.4801099896430969
