model,bank,aggregation,hits,n,agreement
base,per-tooth,mean,29,38,0.7631578947368421
base,per-exp,mean,29,38,0.7631578947368421
small,per-exp,mean,29,38,0.7631578947368421
small,per-exp,top10%,28,38,0.7368421052631579
base,per-exp,top10%,28,38,0.7368421052631579
base,per-exp,top1%,26,38,0.6842105263157895
small,per-exp,top5%,26,38,0.6842105263157895
small,per-tooth,top10%,26,38,0.6842105263157895
base,per-exp,top5%,26,38,0.6842105263157895
small,per-exp,max,26,38,0.6842105263157895
small,per-exp,top1%,26,38,0.6842105263157895
base,per-exp,max,25,38,0.6578947368421053
base,per-tooth,top10%,24,38,0.631578947368421
small,per-tooth,mean,24,38,0.631578947368421
small,per-tooth,top5%,24,38,0.631578947368421
base,per-tooth,top1%,24,38,0.631578947368421
base,per-tooth,top5%,24,38,0.631578947368421
small,per-tooth,top1%,23,38,0.6052631578947368
small,per-tooth,max,23,38,0.6052631578947368
base,per-tooth,max,23,38,0.6052631578947368
