relative_path,filename,size_bytes,mtime_ns,modification_time_utc,sha256,experiment,component
high_frequency/EXP A/Exp-A_HDF5_Run-1.zip,Exp-A_HDF5_Run-1.zip,20807599520,1784843070221556790,2026-07-23T21:44:30.221557+00:00,76c6a42c5b53062df48be2b7e36d07d3188ac1a7bfcb460434162bb31764d8e6,A,high_frequency
high_frequency/EXP A/Exp-A_HDF5_Run-2.zip,Exp-A_HDF5_Run-2.zip,20809488955,1784931031917374930,2026-07-24T22:10:31.917375+00:00,fb4278b3a6e15170b1627fb35f3e7b66348993e78bef71ca46ca23a997553373,A,high_frequency
high_frequency/EXP A/Exp-A_HDF5_Run-3.zip,Exp-A_HDF5_Run-3.zip,20687254473,1784843795115422588,2026-07-23T21:56:35.115422+00:00,7dcd91e4c7cc1b64db047aff3476e3aecaff0da5149e2065357943f499e8eb3c,A,high_frequency
high_frequency/EXP A/Exp-A_HDF5_Run-4.zip,Exp-A_HDF5_Run-4.zip,19026810876,1784931696076442534,2026-07-24T22:21:36.076442+00:00,1a3158e69802f379e4462dafb009fdcf6edf54406cb2d39a8d122b9c42b14f18,A,high_frequency
high_frequency/EXP A/Exp-A_HDF5_Run-5.zip,Exp-A_HDF5_Run-5.zip,20973857618,1784844559361703708,2026-07-23T22:09:19.361704+00:00,3f15650c2dc3ac9f7fe1118f51aa59540652b9d676309cca002f80cb95d87e37,A,high_frequency
high_frequency/EXP B/Exp-B_HDF5_Run-1.zip,Exp-B_HDF5_Run-1.zip,20638664348,1785085136980172648,2026-07-26T16:58:56.980173+00:00,8a3d122dd23ff116af3822b4b57080d040366419045d68419141c06b6a8f92a8,B,high_frequency
high_frequency/EXP B/Exp-B_HDF5_Run-2.zip,Exp-B_HDF5_Run-2.zip,20697314116,1785086289046050481,2026-07-26T17:18:09.046051+00:00,b61f2af1d35a9635e5bb71fb5f3b3817da6ecb675900b6703dbc465797f3b31c,B,high_frequency
high_frequency/EXP B/Exp-B_HDF5_Run-3.zip,Exp-B_HDF5_Run-3.zip,20661623508,1785086979690143653,2026-07-26T17:29:39.690144+00:00,26e7f1a027b5db34420331140c937961d8315a5da5d6950939baa90e9e5f8376,B,high_frequency
high_frequency/EXP B/Exp-B_HDF5_Run-4.zip,Exp-B_HDF5_Run-4.zip,20637642166,1785087676465034967,2026-07-26T17:41:16.465035+00:00,1d4df3d8f8657e760f2f99892ae39a5cc5de7a6a7249dd435549863a2d8d6266,B,high_frequency
high_frequency/EXP B/Exp-B_HDF5_Run-5.zip,Exp-B_HDF5_Run-5.zip,20672046928,1785092041113977796,2026-07-26T18:54:01.113978+00:00,62f1951a266062628b75805685e7e866ea3dc7e9ce611f22ebdbb0fd66c85175,B,high_frequency
high_frequency/EXP B/Exp-B_HDF5_Run-6.zip,Exp-B_HDF5_Run-6.zip,20657664574,1785092738233120655,2026-07-26T19:05:38.233121+00:00,3f4713eae5b1a13c660dc7571e6527626aa0b06a905efc9c68e48f46ece771a3,B,high_frequency
high_frequency/EXP B/Exp-B_HDF5_Run-7.zip,Exp-B_HDF5_Run-7.zip,7992390098,1785092997291881633,2026-07-26T19:09:57.291882+00:00,d2c8c53a8176a866728e32fe3593ac7e8e85d38c245cae6d6c090c9aafaac79d,B,high_frequency
high_frequency/EXP F/Exp-F_HDF5_Run-1.zip,Exp-F_HDF5_Run-1.zip,20595148449,1784932384451925303,2026-07-24T22:33:04.451925+00:00,e1eca5757b9f7d605833e30f4b9ccabf156d36c8ea2a3e9048b9bb537242bbd5,F,high_frequency
high_frequency/EXP F/Exp-F_HDF5_Run-2.zip,Exp-F_HDF5_Run-2.zip,19975424912,1784933121993972324,2026-07-24T22:45:21.993972+00:00,292994b0abe842b8838f95a9e793b71a4447ab3aa88f2a35672203e1110cc6d2,F,high_frequency
high_frequency/EXP F/Exp-F_HDF5_Run-3.zip,Exp-F_HDF5_Run-3.zip,20602084592,1784933898972736735,2026-07-24T22:58:18.972737+00:00,e641d9d2f4342a090b981160b6330d0f4c1b055f95b2081f8e86f91d51256dd2,F,high_frequency
high_frequency/EXP F/Exp-F_HDF5_Run-4.zip,Exp-F_HDF5_Run-4.zip,19192542102,1784934673696180094,2026-07-24T23:11:13.696180+00:00,1625804e2b2fb280276c59405c58ec05286df32eac639fd7caa63e3204e0ede5,F,high_frequency
high_frequency/EXP F/Exp-F_HDF5_Run-5.zip,Exp-F_HDF5_Run-5.zip,20861336445,1784935540707582429,2026-07-24T23:25:40.707582+00:00,cf9c29fbbb9bca3e6e0fb858a849134db04dfc1097846210b11d212331456488,F,high_frequency
high_frequency/EXP F/Exp-F_HDF5_Run-6.zip,Exp-F_HDF5_Run-6.zip,20599133224,1784936278376988539,2026-07-24T23:37:58.376989+00:00,509bf7a149238608982f9fd2c1e220acb2671256c686da13bc3c0677cbfb845d,F,high_frequency
high_frequency/EXP F/Exp-F_HDF5_Run-7.zip,Exp-F_HDF5_Run-7.zip,3942910165,1784936437652727247,2026-07-24T23:40:37.652727+00:00,6235685082f24e7573d371586425e3425cca58d6fd37b794608f18aa4e9f2206,F,high_frequency
high_frequency/EXP F/Exp-F_HDF5_Run-8.zip,Exp-F_HDF5_Run-8.zip,20619409807,1784937368718849935,2026-07-24T23:56:08.718850+00:00,f8d3e8bcc7315032a86f88834aea03e01c86a20257ff373ff57c940f6ffff691,F,high_frequency
inspect_dataset.py,inspect_dataset.py,3609,1785089482597401299,2026-07-26T18:11:22.597401+00:00,4409616f50701e13b04a00938f29287e1e7a11acb66cfad2f633e157ce665143,shared/unknown,other
low-frequency (CIs + Oil + Environment)/Exp-A_HDF5_LF.zip,Exp-A_HDF5_LF.zip,30482546,1784839656154777489,2026-07-23T20:47:36.154778+00:00,d2363f81f817d3a5b77b0f361765cd9b17ac236a6de41910daf812946f53f426,A,oil_environment
low-frequency (CIs + Oil + Environment)/Exp-B_HDF5_LF.zip,Exp-B_HDF5_LF.zip,39503931,1785084586867584985,2026-07-26T16:49:46.867585+00:00,516e4166d8da03151bdd5605174b351c4f6598fb461a3bc427cf027bdeb00772,B,oil_environment
low-frequency (CIs + Oil + Environment)/Exp-F_HDF5_LF.zip,Exp-F_HDF5_LF.zip,44467771,1785084637455013577,2026-07-26T16:50:37.455014+00:00,f547fc98ce2ab3cf45c3c76eaa57356b874c08fd5a40a593695b8bc5b6ccd4e4,F,oil_environment
low-frequency (CIs)/Exp-A_HDF5_CI.zip,Exp-A_HDF5_CI.zip,22538230,1784839596345189666,2026-07-23T20:46:36.345190+00:00,f0a5d9dce29a4e81fffbd88302e76c700d531086bbaf3995a3d74f1f4b56218d,A,condition_indicators
low-frequency (CIs)/Exp-B_HDF5_CI.zip,Exp-B_HDF5_CI.zip,29290956,1785084586987588372,2026-07-26T16:49:46.987588+00:00,a28351c17adda5bdcd7b494d9c0c6c3775946088375ee580236af2f2804cf259,B,condition_indicators
low-frequency (CIs)/Exp-F_HDF5_CI.zip,Exp-F_HDF5_CI.zip,32853093,1785084634294924297,2026-07-26T16:50:34.294924+00:00,98a0b9ef8f2346872820474c98a0e79cd3da0a2244cbf3b2433c80c1d4716905,F,condition_indicators
photos/EXP-A/Exp-A_Photos_0 Hours - Test Start.zip,Exp-A_Photos_0 Hours - Test Start.zip,30465225,1784839656530787491,2026-07-23T20:47:36.530787+00:00,02358c648b24a1d486e171b498d8e56f7d05b9eab7c8594202107c6d21b3fe39,A,photos
photos/EXP-A/Exp-A_Photos_Break-In.zip,Exp-A_Photos_Break-In.zip,29506266,1784839648225566634,2026-07-23T20:47:28.225567+00:00,51e86d273899baaa6d98e5708d4fdabfe6531479957996617f62393df56b875b,A,photos
photos/EXP-A/Exp-A_Photos_Run-1.zip,Exp-A_Photos_Run-1.zip,30394169,1784839654931744959,2026-07-23T20:47:34.931745+00:00,5cc991aa9919b888e69bc633f9ced3931dea60b9260388c3df57c8147efff701,A,photos
photos/EXP-A/Exp-A_Photos_Run-2.zip,Exp-A_Photos_Run-2.zip,30070957,1784839652844689454,2026-07-23T20:47:32.844689+00:00,5855ec38e3c3eca358ae0b761da98c79828d446fb99802266863ea766aac9e61,A,photos
photos/EXP-A/Exp-A_Photos_Run-3.zip,Exp-A_Photos_Run-3.zip,28302619,1784839641481387374,2026-07-23T20:47:21.481387+00:00,36221f03e35eeb1403fb24c349c7daf4117b9432bbeaac86db9aab02ee6d234f,A,photos
photos/EXP-A/Exp-A_Photos_Run-4.zip,Exp-A_Photos_Run-4.zip,30058082,1784839652972692858,2026-07-23T20:47:32.972693+00:00,b80f79ee0376490a778cd482fae2b9945889e26c824559257ffa7124af28fccb,A,photos
photos/EXP-A/Exp-A_Photos_Run-5.zip,Exp-A_Photos_Run-5.zip,31878952,1784839660678897841,2026-07-23T20:47:40.678898+00:00,44938cd86704e29cef33b9623d7d1e3bc40df0a0a709dd721e7a42472f9546b0,A,photos
photos/EXP-B/Exp-B_Photos_0 Hours - Test Start.zip,Exp-B_Photos_0 Hours - Test Start.zip,32644349,1785084597735891789,2026-07-26T16:49:57.735892+00:00,b9d9e80ea30a7ddb040ce175192136c5dd46f4a4feb8758bc6d64971c17dd3d6,B,photos
photos/EXP-B/Exp-B_Photos_Break In.zip,Exp-B_Photos_Break In.zip,30341685,1785084595374825132,2026-07-26T16:49:55.374825+00:00,9bfd7420aee0e3f9c15991626a08736d16921ea73a5708bfd91272cc0f6cab50,B,photos
photos/EXP-B/Exp-B_Photos_Run 1.zip,Exp-B_Photos_Run 1.zip,31524002,1785084596618860253,2026-07-26T16:49:56.618860+00:00,9cbefae74803440207bf0ca4ec7611ac73c60087876d234926ccf5079d3ec534,B,photos
photos/EXP-B/Exp-B_Photos_Run 2.zip,Exp-B_Photos_Run 2.zip,30488806,1785084596559858587,2026-07-26T16:49:56.559859+00:00,82ef0adf384d8629e1c5ce3619c77db1955f0e9a171f25dcd773eb66c10bdad1,B,photos
photos/EXP-B/Exp-B_Photos_Run 3.zip,Exp-B_Photos_Run 3.zip,31247865,1785084596318851783,2026-07-26T16:49:56.318852+00:00,b8a08ce97d0fb791039bd21b2480d1976f752b52470258c74403984571f6be04,B,photos
photos/EXP-B/Exp-B_Photos_Run 4.zip,Exp-B_Photos_Run 4.zip,30697747,1785084596738863641,2026-07-26T16:49:56.738864+00:00,a3a152ad8f7b646b9b60e6071bea7c148c65bb9b0bf5cb2ef5f8cad93b1aa5aa,B,photos
photos/EXP-B/Exp-B_Photos_Run 5.zip,Exp-B_Photos_Run 5.zip,32945504,1785084598613916578,2026-07-26T16:49:58.613917+00:00,312fdd723925de848da576d768b0f3e50089a218d7a55a57b809b02cf5af6b27,B,photos
photos/EXP-B/Exp-B_Photos_Run 6.zip,Exp-B_Photos_Run 6.zip,31976429,1785084597575887272,2026-07-26T16:49:57.575887+00:00,00ccc2db1c5d0dc528bbeaabdcba50687e5171df602cb6a8ae7fd4ca73d32307,B,photos
photos/EXP-B/Exp-B_Photos_Run 7.zip,Exp-B_Photos_Run 7.zip,31506902,1785084597602888034,2026-07-26T16:49:57.602888+00:00,9294e69ee958828bc0bafc4660796d8f260549ae48f48cbcef7b3d60557a8445,B,photos
photos/EXP-F/Exp-F_Photos_Break-In.zip,Exp-F_Photos_Break-In.zip,14163501,1785084630431815161,2026-07-26T16:50:30.431815+00:00,c01f4b2b1730e7da6904f986aba7761e40a57569d2a88a05ded98142f7cdecb5,F,photos
photos/EXP-F/Exp-F_Photos_Pre-Run.zip,Exp-F_Photos_Pre-Run.zip,13087481,1785084628725766967,2026-07-26T16:50:28.725767+00:00,3e45bbe4e17fc22151494e0611dfafc1687f19132765f250ba15b12262e7ca86,F,photos
photos/EXP-F/Exp-F_Photos_Run-1.zip,Exp-F_Photos_Run-1.zip,13509784,1785084629607791883,2026-07-26T16:50:29.607792+00:00,cba319371f05de3511c88cc86c19d28f110c695cef6b9d4bfda2599888bd9f93,F,photos
photos/EXP-F/Exp-F_Photos_Run-2.zip,Exp-F_Photos_Run-2.zip,13951041,1785084630222809257,2026-07-26T16:50:30.222809+00:00,9913f8446a57a61412c5abb9b6c4aa0d87ab2934c83c40e2d6974fbcf820cdde,F,photos
photos/EXP-F/Exp-F_Photos_Run-3.zip,Exp-F_Photos_Run-3.zip,13116675,1785084629289782900,2026-07-26T16:50:29.289783+00:00,99786cfa5d58f1bd1fd3311d74ae31a720672855cfaaa6a2a56179cf663947b2,F,photos
photos/EXP-F/Exp-F_Photos_Run-4.zip,Exp-F_Photos_Run-4.zip,13861174,1785084629981802449,2026-07-26T16:50:29.981802+00:00,98a35d546e1f0e32e778fe5276abb8bb5de18e2045d81b80214cfcff555191e5,F,photos
photos/EXP-F/Exp-F_Photos_Run-5.zip,Exp-F_Photos_Run-5.zip,14302292,1785084630496816998,2026-07-26T16:50:30.496817+00:00,293ae4786e7034f9f14484095e22ace89f599bf9c0899b7699e8f472f17d9b91,F,photos
photos/EXP-F/Exp-F_Photos_Run-6.zip,Exp-F_Photos_Run-6.zip,14144338,1785084630469816235,2026-07-26T16:50:30.469816+00:00,50359c0f8092a10fb2c963964adccea71246b8bee7e63b562f0afb5381bcd866,F,photos
photos/EXP-F/Exp-F_Photos_Run-7.zip,Exp-F_Photos_Run-7.zip,14050258,1785084630749824145,2026-07-26T16:50:30.749824+00:00,f0efd628700552005bfc6392976755d737d40d50790fb465c0f76e8dc3b3cc83,F,photos
photos/EXP-F/Exp-F_Photos_Run-8.zip,Exp-F_Photos_Run-8.zip,14186600,1785084630527817873,2026-07-26T16:50:30.527818+00:00,e93644fef83b9b79adae4ac7a81c885497101ea28e7c40e21a5b4f343771c920,F,photos
