legacy_interface,canonical_interface,interface_type,compatibility_method,test,status,notes
pi_multimodal_ad,phm2026,python_import,package attribute forwarding,tests/compatibility/test_interfaces.py::test_every_legacy_module_forwards_canonical_objects,PASS,Public and private canonical objects retain identity; legacy module files contain forwarding only.
python -m pi_multimodal_ad,python -m phm2026,python_module,import facade; no historical __main__.py,all package import/export tests,NOT_HISTORICALLY_EXECUTABLE,This package was importable but did not have a package CLI before migration; no new CLI is invented.
pi_multimodal_ad.acquisition,phm2026.acquisition,python_import,package attribute forwarding,tests/compatibility/test_interfaces.py::test_every_legacy_module_forwards_canonical_objects,PASS,Public and private canonical objects retain identity; legacy module files contain forwarding only.
python -m pi_multimodal_ad.acquisition,python -m phm2026.acquisition,python_module,import facade; no historical __main__.py,all package import/export tests,NOT_HISTORICALLY_EXECUTABLE,This package was importable but did not have a package CLI before migration; no new CLI is invented.
pi_multimodal_ad.acquisition.phm_download,phm2026.acquisition.phm_download,python_import,canonical module-object alias,tests/compatibility/test_interfaces.py::test_every_legacy_module_forwards_canonical_objects,PASS,Public and private canonical objects retain identity; legacy module files contain forwarding only.
python -m pi_multimodal_ad.acquisition.phm_download,python -m phm2026.acquisition.phm_download,python_module,runpy canonical module execution,in-memory compile + representative module subprocess tests,REPRESENTATIVE_TESTED,Original source modules have no __main__ workflow. Passive module execution preserved; no new CLI added.
pi_multimodal_ad.cli,phm2026.cli,python_import,canonical module-object alias,tests/compatibility/test_interfaces.py::test_every_legacy_module_forwards_canonical_objects,PASS,Public and private canonical objects retain identity; legacy module files contain forwarding only.
python -m pi_multimodal_ad.cli,python -m phm2026.cli,python_module,runpy canonical module execution,in-memory compile + representative module subprocess tests,REPRESENTATIVE_TESTED,Original source modules have no __main__ workflow. Passive module execution preserved; no new CLI added.
pi_multimodal_ad.data_contracts,phm2026.data_contracts,python_import,package attribute forwarding,tests/compatibility/test_interfaces.py::test_every_legacy_module_forwards_canonical_objects,PASS,Public and private canonical objects retain identity; legacy module files contain forwarding only.
python -m pi_multimodal_ad.data_contracts,python -m phm2026.data_contracts,python_module,import facade; no historical __main__.py,all package import/export tests,NOT_HISTORICALLY_EXECUTABLE,This package was importable but did not have a package CLI before migration; no new CLI is invented.
pi_multimodal_ad.data_contracts.identifiers,phm2026.data_contracts.identifiers,python_import,canonical module-object alias,tests/compatibility/test_interfaces.py::test_every_legacy_module_forwards_canonical_objects,PASS,Public and private canonical objects retain identity; legacy module files contain forwarding only.
python -m pi_multimodal_ad.data_contracts.identifiers,python -m phm2026.data_contracts.identifiers,python_module,runpy canonical module execution,in-memory compile + representative module subprocess tests,REPRESENTATIVE_TESTED,Original source modules have no __main__ workflow. Passive module execution preserved; no new CLI added.
pi_multimodal_ad.data_contracts.records,phm2026.data_contracts.records,python_import,canonical module-object alias,tests/compatibility/test_interfaces.py::test_every_legacy_module_forwards_canonical_objects,PASS,Public and private canonical objects retain identity; legacy module files contain forwarding only.
python -m pi_multimodal_ad.data_contracts.records,python -m phm2026.data_contracts.records,python_module,runpy canonical module execution,in-memory compile + representative module subprocess tests,REPRESENTATIVE_TESTED,Original source modules have no __main__ workflow. Passive module execution preserved; no new CLI added.
pi_multimodal_ad.data_contracts.validation,phm2026.data_contracts.validation,python_import,canonical module-object alias,tests/compatibility/test_interfaces.py::test_every_legacy_module_forwards_canonical_objects,PASS,Public and private canonical objects retain identity; legacy module files contain forwarding only.
python -m pi_multimodal_ad.data_contracts.validation,python -m phm2026.data_contracts.validation,python_module,runpy canonical module execution,in-memory compile + representative module subprocess tests,REPRESENTATIVE_TESTED,Original source modules have no __main__ workflow. Passive module execution preserved; no new CLI added.
pi_multimodal_ad.datasets,phm2026.datasets,python_import,package attribute forwarding,tests/compatibility/test_interfaces.py::test_every_legacy_module_forwards_canonical_objects,PASS,Public and private canonical objects retain identity; legacy module files contain forwarding only.
python -m pi_multimodal_ad.datasets,python -m phm2026.datasets,python_module,import facade; no historical __main__.py,all package import/export tests,NOT_HISTORICALLY_EXECUTABLE,This package was importable but did not have a package CLI before migration; no new CLI is invented.
pi_multimodal_ad.datasets.base,phm2026.datasets.base,python_import,canonical module-object alias,tests/compatibility/test_interfaces.py::test_every_legacy_module_forwards_canonical_objects,PASS,Public and private canonical objects retain identity; legacy module files contain forwarding only.
python -m pi_multimodal_ad.datasets.base,python -m phm2026.datasets.base,python_module,runpy canonical module execution,in-memory compile + representative module subprocess tests,REPRESENTATIVE_TESTED,Original source modules have no __main__ workflow. Passive module execution preserved; no new CLI added.
pi_multimodal_ad.datasets.phm2026,phm2026.datasets.phm2026,python_import,canonical module-object alias,tests/compatibility/test_interfaces.py::test_every_legacy_module_forwards_canonical_objects,PASS,Public and private canonical objects retain identity; legacy module files contain forwarding only.
python -m pi_multimodal_ad.datasets.phm2026,python -m phm2026.datasets.phm2026,python_module,runpy canonical module execution,in-memory compile + representative module subprocess tests,REPRESENTATIVE_TESTED,Original source modules have no __main__ workflow. Passive module execution preserved; no new CLI added.
pi_multimodal_ad.evaluation,phm2026.evaluation,python_import,package attribute forwarding,tests/compatibility/test_interfaces.py::test_every_legacy_module_forwards_canonical_objects,PASS,Public and private canonical objects retain identity; legacy module files contain forwarding only.
python -m pi_multimodal_ad.evaluation,python -m phm2026.evaluation,python_module,import facade; no historical __main__.py,all package import/export tests,NOT_HISTORICALLY_EXECUTABLE,This package was importable but did not have a package CLI before migration; no new CLI is invented.
pi_multimodal_ad.evaluation.monotonic,phm2026.evaluation.monotonic,python_import,canonical module-object alias,tests/compatibility/test_interfaces.py::test_every_legacy_module_forwards_canonical_objects,PASS,Public and private canonical objects retain identity; legacy module files contain forwarding only.
python -m pi_multimodal_ad.evaluation.monotonic,python -m phm2026.evaluation.monotonic,python_module,runpy canonical module execution,in-memory compile + representative module subprocess tests,REPRESENTATIVE_TESTED,Original source modules have no __main__ workflow. Passive module execution preserved; no new CLI added.
pi_multimodal_ad.evaluation.regression,phm2026.evaluation.regression,python_import,canonical module-object alias,tests/compatibility/test_interfaces.py::test_every_legacy_module_forwards_canonical_objects,PASS,Public and private canonical objects retain identity; legacy module files contain forwarding only.
python -m pi_multimodal_ad.evaluation.regression,python -m phm2026.evaluation.regression,python_module,runpy canonical module execution,in-memory compile + representative module subprocess tests,REPRESENTATIVE_TESTED,Original source modules have no __main__ workflow. Passive module execution preserved; no new CLI added.
pi_multimodal_ad.evaluation.sensor_regression,phm2026.evaluation.sensor_regression,python_import,canonical module-object alias,tests/compatibility/test_interfaces.py::test_every_legacy_module_forwards_canonical_objects,PASS,Public and private canonical objects retain identity; legacy module files contain forwarding only.
python -m pi_multimodal_ad.evaluation.sensor_regression,python -m phm2026.evaluation.sensor_regression,python_module,runpy canonical module execution,in-memory compile + representative module subprocess tests,REPRESENTATIVE_TESTED,Original source modules have no __main__ workflow. Passive module execution preserved; no new CLI added.
pi_multimodal_ad.features,phm2026.features,python_import,package attribute forwarding,tests/compatibility/test_interfaces.py::test_every_legacy_module_forwards_canonical_objects,PASS,Public and private canonical objects retain identity; legacy module files contain forwarding only.
python -m pi_multimodal_ad.features,python -m phm2026.features,python_module,import facade; no historical __main__.py,all package import/export tests,NOT_HISTORICALLY_EXECUTABLE,This package was importable but did not have a package CLI before migration; no new CLI is invented.
pi_multimodal_ad.features.sensor_feature_run,phm2026.features.sensor_feature_run,python_import,canonical module-object alias,tests/compatibility/test_interfaces.py::test_every_legacy_module_forwards_canonical_objects,PASS,Public and private canonical objects retain identity; legacy module files contain forwarding only.
python -m pi_multimodal_ad.features.sensor_feature_run,python -m phm2026.features.sensor_feature_run,python_module,runpy canonical module execution,in-memory compile + representative module subprocess tests,REPRESENTATIVE_TESTED,Original source modules have no __main__ workflow. Passive module execution preserved; no new CLI added.
pi_multimodal_ad.features.sensor_minutes,phm2026.features.sensor_minutes,python_import,canonical module-object alias,tests/compatibility/test_interfaces.py::test_every_legacy_module_forwards_canonical_objects,PASS,Public and private canonical objects retain identity; legacy module files contain forwarding only.
python -m pi_multimodal_ad.features.sensor_minutes,python -m phm2026.features.sensor_minutes,python_module,runpy canonical module execution,in-memory compile + representative module subprocess tests,REPRESENTATIVE_TESTED,Original source modules have no __main__ workflow. Passive module execution preserved; no new CLI added.
pi_multimodal_ad.models,phm2026.models,python_import,package attribute forwarding,tests/compatibility/test_interfaces.py::test_every_legacy_module_forwards_canonical_objects,PASS,Public and private canonical objects retain identity; legacy module files contain forwarding only.
python -m pi_multimodal_ad.models,python -m phm2026.models,python_module,import facade; no historical __main__.py,all package import/export tests,NOT_HISTORICALLY_EXECUTABLE,This package was importable but did not have a package CLI before migration; no new CLI is invented.
pi_multimodal_ad.models.late_fusion,phm2026.fusion.late_fusion,python_import,canonical module-object alias,tests/compatibility/test_interfaces.py::test_every_legacy_module_forwards_canonical_objects,PASS,Public and private canonical objects retain identity; legacy module files contain forwarding only.
python -m pi_multimodal_ad.models.late_fusion,python -m phm2026.fusion.late_fusion,python_module,runpy canonical module execution,in-memory compile + representative module subprocess tests,REPRESENTATIVE_TESTED,Original source modules have no __main__ workflow. Passive module execution preserved; no new CLI added.
pi_multimodal_ad.models.modality_fusion,phm2026.fusion.modality_fusion,python_import,canonical module-object alias,tests/compatibility/test_interfaces.py::test_every_legacy_module_forwards_canonical_objects,PASS,Public and private canonical objects retain identity; legacy module files contain forwarding only.
python -m pi_multimodal_ad.models.modality_fusion,python -m phm2026.fusion.modality_fusion,python_module,runpy canonical module execution,in-memory compile + representative module subprocess tests,REPRESENTATIVE_TESTED,Original source modules have no __main__ workflow. Passive module execution preserved; no new CLI added.
pi_multimodal_ad.models.patchtst,phm2026.models.patchtst.model,python_import,canonical module-object alias,tests/compatibility/test_interfaces.py::test_every_legacy_module_forwards_canonical_objects,PASS,Public and private canonical objects retain identity; legacy module files contain forwarding only.
python -m pi_multimodal_ad.models.patchtst,python -m phm2026.models.patchtst.model,python_module,runpy canonical module execution,in-memory compile + representative module subprocess tests,REPRESENTATIVE_TESTED,Original source modules have no __main__ workflow. Passive module execution preserved; no new CLI added.
pi_multimodal_ad.models.patchtst_regression,phm2026.models.patchtst.regression,python_import,canonical module-object alias,tests/compatibility/test_interfaces.py::test_every_legacy_module_forwards_canonical_objects,PASS,Public and private canonical objects retain identity; legacy module files contain forwarding only.
python -m pi_multimodal_ad.models.patchtst_regression,python -m phm2026.models.patchtst.regression,python_module,runpy canonical module execution,in-memory compile + representative module subprocess tests,REPRESENTATIVE_TESTED,Original source modules have no __main__ workflow. Passive module execution preserved; no new CLI added.
pi_multimodal_ad.models.rtdetr_detection,phm2026.models.rtdetr.detection,python_import,canonical module-object alias,tests/compatibility/test_interfaces.py::test_every_legacy_module_forwards_canonical_objects,PASS,Public and private canonical objects retain identity; legacy module files contain forwarding only.
python -m pi_multimodal_ad.models.rtdetr_detection,python -m phm2026.models.rtdetr.detection,python_module,runpy canonical module execution,in-memory compile + representative module subprocess tests,REPRESENTATIVE_TESTED,Original source modules have no __main__ workflow. Passive module execution preserved; no new CLI added.
pi_multimodal_ad.models.rtdetr_feasibility,phm2026.models.rtdetr.feasibility,python_import,canonical module-object alias,tests/compatibility/test_interfaces.py::test_every_legacy_module_forwards_canonical_objects,PASS,Public and private canonical objects retain identity; legacy module files contain forwarding only.
python -m pi_multimodal_ad.models.rtdetr_feasibility,python -m phm2026.models.rtdetr.feasibility,python_module,runpy canonical module execution,in-memory compile + representative module subprocess tests,REPRESENTATIVE_TESTED,Original source modules have no __main__ workflow. Passive module execution preserved; no new CLI added.
pi_multimodal_ad.models.rtdetr_multitask,phm2026.models.rtdetr.multitask,python_import,canonical module-object alias,tests/compatibility/test_interfaces.py::test_every_legacy_module_forwards_canonical_objects,PASS,Public and private canonical objects retain identity; legacy module files contain forwarding only.
python -m pi_multimodal_ad.models.rtdetr_multitask,python -m phm2026.models.rtdetr.multitask,python_module,runpy canonical module execution,in-memory compile + representative module subprocess tests,REPRESENTATIVE_TESTED,Original source modules have no __main__ workflow. Passive module execution preserved; no new CLI added.
pi_multimodal_ad.models.rtdetr_regression,phm2026.models.rtdetr.regression,python_import,canonical module-object alias,tests/compatibility/test_interfaces.py::test_every_legacy_module_forwards_canonical_objects,PASS,Public and private canonical objects retain identity; legacy module files contain forwarding only.
python -m pi_multimodal_ad.models.rtdetr_regression,python -m phm2026.models.rtdetr.regression,python_module,runpy canonical module execution,in-memory compile + representative module subprocess tests,REPRESENTATIVE_TESTED,Original source modules have no __main__ workflow. Passive module execution preserved; no new CLI added.
pi_multimodal_ad.preprocessing,phm2026.preprocessing,python_import,package attribute forwarding,tests/compatibility/test_interfaces.py::test_every_legacy_module_forwards_canonical_objects,PASS,Public and private canonical objects retain identity; legacy module files contain forwarding only.
python -m pi_multimodal_ad.preprocessing,python -m phm2026.preprocessing,python_module,import facade; no historical __main__.py,all package import/export tests,NOT_HISTORICALLY_EXECUTABLE,This package was importable but did not have a package CLI before migration; no new CLI is invented.
pi_multimodal_ad.preprocessing.timeseries,phm2026.preprocessing.timeseries,python_import,canonical module-object alias,tests/compatibility/test_interfaces.py::test_every_legacy_module_forwards_canonical_objects,PASS,Public and private canonical objects retain identity; legacy module files contain forwarding only.
python -m pi_multimodal_ad.preprocessing.timeseries,python -m phm2026.preprocessing.timeseries,python_module,runpy canonical module execution,in-memory compile + representative module subprocess tests,REPRESENTATIVE_TESTED,Original source modules have no __main__ workflow. Passive module execution preserved; no new CLI added.
pi_multimodal_ad.profiling,phm2026.profiling,python_import,package attribute forwarding,tests/compatibility/test_interfaces.py::test_every_legacy_module_forwards_canonical_objects,PASS,Public and private canonical objects retain identity; legacy module files contain forwarding only.
python -m pi_multimodal_ad.profiling,python -m phm2026.profiling,python_module,import facade; no historical __main__.py,all package import/export tests,NOT_HISTORICALLY_EXECUTABLE,This package was importable but did not have a package CLI before migration; no new CLI is invented.
pi_multimodal_ad.profiling.alignment,phm2026.profiling.alignment,python_import,canonical module-object alias,tests/compatibility/test_interfaces.py::test_every_legacy_module_forwards_canonical_objects,PASS,Public and private canonical objects retain identity; legacy module files contain forwarding only.
python -m pi_multimodal_ad.profiling.alignment,python -m phm2026.profiling.alignment,python_module,runpy canonical module execution,in-memory compile + representative module subprocess tests,REPRESENTATIVE_TESTED,Original source modules have no __main__ workflow. Passive module execution preserved; no new CLI added.
pi_multimodal_ad.profiling.alignment_artifacts,phm2026.profiling.alignment_artifacts,python_import,canonical module-object alias,tests/compatibility/test_interfaces.py::test_every_legacy_module_forwards_canonical_objects,PASS,Public and private canonical objects retain identity; legacy module files contain forwarding only.
python -m pi_multimodal_ad.profiling.alignment_artifacts,python -m phm2026.profiling.alignment_artifacts,python_module,runpy canonical module execution,in-memory compile + representative module subprocess tests,REPRESENTATIVE_TESTED,Original source modules have no __main__ workflow. Passive module execution preserved; no new CLI added.
pi_multimodal_ad.profiling.alignment_pipeline,phm2026.profiling.alignment_pipeline,python_import,canonical module-object alias,tests/compatibility/test_interfaces.py::test_every_legacy_module_forwards_canonical_objects,PASS,Public and private canonical objects retain identity; legacy module files contain forwarding only.
python -m pi_multimodal_ad.profiling.alignment_pipeline,python -m phm2026.profiling.alignment_pipeline,python_module,runpy canonical module execution,in-memory compile + representative module subprocess tests,REPRESENTATIVE_TESTED,Original source modules have no __main__ workflow. Passive module execution preserved; no new CLI added.
pi_multimodal_ad.profiling.archive_io,phm2026.profiling.archive_io,python_import,canonical module-object alias,tests/compatibility/test_interfaces.py::test_every_legacy_module_forwards_canonical_objects,PASS,Public and private canonical objects retain identity; legacy module files contain forwarding only.
python -m pi_multimodal_ad.profiling.archive_io,python -m phm2026.profiling.archive_io,python_module,runpy canonical module execution,in-memory compile + representative module subprocess tests,REPRESENTATIVE_TESTED,Original source modules have no __main__ workflow. Passive module execution preserved; no new CLI added.
pi_multimodal_ad.profiling.assets,phm2026.profiling.assets,python_import,canonical module-object alias,tests/compatibility/test_interfaces.py::test_every_legacy_module_forwards_canonical_objects,PASS,Public and private canonical objects retain identity; legacy module files contain forwarding only.
python -m pi_multimodal_ad.profiling.assets,python -m phm2026.profiling.assets,python_module,runpy canonical module execution,in-memory compile + representative module subprocess tests,REPRESENTATIVE_TESTED,Original source modules have no __main__ workflow. Passive module execution preserved; no new CLI added.
pi_multimodal_ad.profiling.dataset_description,phm2026.profiling.dataset_description,python_import,canonical module-object alias,tests/compatibility/test_interfaces.py::test_every_legacy_module_forwards_canonical_objects,PASS,Public and private canonical objects retain identity; legacy module files contain forwarding only.
python -m pi_multimodal_ad.profiling.dataset_description,python -m phm2026.profiling.dataset_description,python_module,runpy canonical module execution,in-memory compile + representative module subprocess tests,REPRESENTATIVE_TESTED,Original source modules have no __main__ workflow. Passive module execution preserved; no new CLI added.
pi_multimodal_ad.profiling.images,phm2026.profiling.images,python_import,canonical module-object alias,tests/compatibility/test_interfaces.py::test_every_legacy_module_forwards_canonical_objects,PASS,Public and private canonical objects retain identity; legacy module files contain forwarding only.
python -m pi_multimodal_ad.profiling.images,python -m phm2026.profiling.images,python_module,runpy canonical module execution,in-memory compile + representative module subprocess tests,REPRESENTATIVE_TESTED,Original source modules have no __main__ workflow. Passive module execution preserved; no new CLI added.
pi_multimodal_ad.profiling.sensors,phm2026.profiling.sensors,python_import,canonical module-object alias,tests/compatibility/test_interfaces.py::test_every_legacy_module_forwards_canonical_objects,PASS,Public and private canonical objects retain identity; legacy module files contain forwarding only.
python -m pi_multimodal_ad.profiling.sensors,python -m phm2026.profiling.sensors,python_module,runpy canonical module execution,in-memory compile + representative module subprocess tests,REPRESENTATIVE_TESTED,Original source modules have no __main__ workflow. Passive module execution preserved; no new CLI added.
pi_multimodal_ad.reporting,phm2026.reporting,python_import,package attribute forwarding,tests/compatibility/test_interfaces.py::test_every_legacy_module_forwards_canonical_objects,PASS,Public and private canonical objects retain identity; legacy module files contain forwarding only.
python -m pi_multimodal_ad.reporting,python -m phm2026.reporting,python_module,import facade; no historical __main__.py,all package import/export tests,NOT_HISTORICALLY_EXECUTABLE,This package was importable but did not have a package CLI before migration; no new CLI is invented.
pi_multimodal_ad.reporting.common,phm2026.reporting.common,python_import,canonical module-object alias,tests/compatibility/test_interfaces.py::test_every_legacy_module_forwards_canonical_objects,PASS,Public and private canonical objects retain identity; legacy module files contain forwarding only.
python -m pi_multimodal_ad.reporting.common,python -m phm2026.reporting.common,python_module,runpy canonical module execution,in-memory compile + representative module subprocess tests,REPRESENTATIVE_TESTED,Original source modules have no __main__ workflow. Passive module execution preserved; no new CLI added.
pi_multimodal_ad.reporting.dataset_evidence,phm2026.reporting.dataset_evidence,python_import,canonical module-object alias,tests/compatibility/test_interfaces.py::test_every_legacy_module_forwards_canonical_objects,PASS,Public and private canonical objects retain identity; legacy module files contain forwarding only.
python -m pi_multimodal_ad.reporting.dataset_evidence,python -m phm2026.reporting.dataset_evidence,python_module,runpy canonical module execution,in-memory compile + representative module subprocess tests,REPRESENTATIVE_TESTED,Original source modules have no __main__ workflow. Passive module execution preserved; no new CLI added.
pi_multimodal_ad.reporting.patchtst_results,phm2026.reporting.patchtst_results,python_import,canonical module-object alias,tests/compatibility/test_interfaces.py::test_every_legacy_module_forwards_canonical_objects,PASS,Public and private canonical objects retain identity; legacy module files contain forwarding only.
python -m pi_multimodal_ad.reporting.patchtst_results,python -m phm2026.reporting.patchtst_results,python_module,runpy canonical module execution,in-memory compile + representative module subprocess tests,REPRESENTATIVE_TESTED,Original source modules have no __main__ workflow. Passive module execution preserved; no new CLI added.
pi_multimodal_ad.reporting.target_audit,phm2026.reporting.target_audit,python_import,canonical module-object alias,tests/compatibility/test_interfaces.py::test_every_legacy_module_forwards_canonical_objects,PASS,Public and private canonical objects retain identity; legacy module files contain forwarding only.
python -m pi_multimodal_ad.reporting.target_audit,python -m phm2026.reporting.target_audit,python_module,runpy canonical module execution,in-memory compile + representative module subprocess tests,REPRESENTATIVE_TESTED,Original source modules have no __main__ workflow. Passive module execution preserved; no new CLI added.
pi_multimodal_ad.targets,phm2026.targets,python_import,package attribute forwarding,tests/compatibility/test_interfaces.py::test_every_legacy_module_forwards_canonical_objects,PASS,Public and private canonical objects retain identity; legacy module files contain forwarding only.
python -m pi_multimodal_ad.targets,python -m phm2026.targets,python_module,import facade; no historical __main__.py,all package import/export tests,NOT_HISTORICALLY_EXECUTABLE,This package was importable but did not have a package CLI before migration; no new CLI is invented.
pi_multimodal_ad.targets.image_damage,phm2026.targets.image_damage,python_import,canonical module-object alias,tests/compatibility/test_interfaces.py::test_every_legacy_module_forwards_canonical_objects,PASS,Public and private canonical objects retain identity; legacy module files contain forwarding only.
python -m pi_multimodal_ad.targets.image_damage,python -m phm2026.targets.image_damage,python_module,runpy canonical module execution,in-memory compile + representative module subprocess tests,REPRESENTATIVE_TESTED,Original source modules have no __main__ workflow. Passive module execution preserved; no new CLI added.
pi_multimodal_ad.targets.model_dataset,phm2026.targets.model_dataset,python_import,canonical module-object alias,tests/compatibility/test_interfaces.py::test_every_legacy_module_forwards_canonical_objects,PASS,Public and private canonical objects retain identity; legacy module files contain forwarding only.
python -m pi_multimodal_ad.targets.model_dataset,python -m phm2026.targets.model_dataset,python_module,runpy canonical module execution,in-memory compile + representative module subprocess tests,REPRESENTATIVE_TESTED,Original source modules have no __main__ workflow. Passive module execution preserved; no new CLI added.
pi_multimodal_ad.targets.pseudo_boxes,phm2026.targets.pseudo_boxes,python_import,canonical module-object alias,tests/compatibility/test_interfaces.py::test_every_legacy_module_forwards_canonical_objects,PASS,Public and private canonical objects retain identity; legacy module files contain forwarding only.
python -m pi_multimodal_ad.targets.pseudo_boxes,python -m phm2026.targets.pseudo_boxes,python_module,runpy canonical module execution,in-memory compile + representative module subprocess tests,REPRESENTATIVE_TESTED,Original source modules have no __main__ workflow. Passive module execution preserved; no new CLI added.
pi_multimodal_ad.utils,phm2026.utils,python_import,package attribute forwarding,tests/compatibility/test_interfaces.py::test_every_legacy_module_forwards_canonical_objects,PASS,Public and private canonical objects retain identity; legacy module files contain forwarding only.
python -m pi_multimodal_ad.utils,python -m phm2026.utils,python_module,import facade; no historical __main__.py,all package import/export tests,NOT_HISTORICALLY_EXECUTABLE,This package was importable but did not have a package CLI before migration; no new CLI is invented.
pi_multimodal_ad.utils.artifacts,phm2026.utils.artifacts,python_import,canonical module-object alias,tests/compatibility/test_interfaces.py::test_every_legacy_module_forwards_canonical_objects,PASS,Public and private canonical objects retain identity; legacy module files contain forwarding only.
python -m pi_multimodal_ad.utils.artifacts,python -m phm2026.utils.artifacts,python_module,runpy canonical module execution,in-memory compile + representative module subprocess tests,REPRESENTATIVE_TESTED,Original source modules have no __main__ workflow. Passive module execution preserved; no new CLI added.
pi_multimodal_ad.utils.config,phm2026.utils.config,python_import,canonical module-object alias,tests/compatibility/test_interfaces.py::test_every_legacy_module_forwards_canonical_objects,PASS,Public and private canonical objects retain identity; legacy module files contain forwarding only.
python -m pi_multimodal_ad.utils.config,python -m phm2026.utils.config,python_module,runpy canonical module execution,in-memory compile + representative module subprocess tests,REPRESENTATIVE_TESTED,Original source modules have no __main__ workflow. Passive module execution preserved; no new CLI added.
pi_multimodal_ad.utils.provenance,phm2026.utils.provenance,python_import,canonical module-object alias,tests/compatibility/test_interfaces.py::test_every_legacy_module_forwards_canonical_objects,PASS,Public and private canonical objects retain identity; legacy module files contain forwarding only.
python -m pi_multimodal_ad.utils.provenance,python -m phm2026.utils.provenance,python_module,runpy canonical module execution,in-memory compile + representative module subprocess tests,REPRESENTATIVE_TESTED,Original source modules have no __main__ workflow. Passive module execution preserved; no new CLI added.
pi_multimodal_ad.utils.seeding,phm2026.utils.seeding,python_import,canonical module-object alias,tests/compatibility/test_interfaces.py::test_every_legacy_module_forwards_canonical_objects,PASS,Public and private canonical objects retain identity; legacy module files contain forwarding only.
python -m pi_multimodal_ad.utils.seeding,python -m phm2026.utils.seeding,python_module,runpy canonical module execution,in-memory compile + representative module subprocess tests,REPRESENTATIVE_TESTED,Original source modules have no __main__ workflow. Passive module execution preserved; no new CLI added.
pi_multimodal_ad.utils.splitting,phm2026.utils.splitting,python_import,canonical module-object alias,tests/compatibility/test_interfaces.py::test_every_legacy_module_forwards_canonical_objects,PASS,Public and private canonical objects retain identity; legacy module files contain forwarding only.
python -m pi_multimodal_ad.utils.splitting,python -m phm2026.utils.splitting,python_module,runpy canonical module execution,in-memory compile + representative module subprocess tests,REPRESENTATIVE_TESTED,Original source modules have no __main__ workflow. Passive module execution preserved; no new CLI added.
scripts/dataset/audit_alignment.py,scripts/phm2026/dataset/audit_alignment.py,script_path,runpy canonical script forwarding,tests/compatibility/test_cli.py::test_every_old_new_script_help_has_equal_output_and_exit,PASS,Original argv/exit behavior forwarded; canonical __file__ and argv[0]; command execution remains repository-root based.
python -m scripts.dataset.audit_alignment,python -m scripts.phm2026.dataset.audit_alignment,python_module,same script wrapper under repository namespace,representative script module subprocess test + wrapper audit,REPRESENTATIVE_TESTED,"Namespace script module execution requires repository cwd, as before. Scripts are not installed as distribution packages."
scripts/dataset/describe_dataset.py,scripts/phm2026/dataset/describe_dataset.py,script_path,runpy canonical script forwarding,tests/compatibility/test_cli.py::test_every_old_new_script_help_has_equal_output_and_exit,PASS,Original argv/exit behavior forwarded; canonical __file__ and argv[0]; command execution remains repository-root based.
python -m scripts.dataset.describe_dataset,python -m scripts.phm2026.dataset.describe_dataset,python_module,same script wrapper under repository namespace,representative script module subprocess test + wrapper audit,REPRESENTATIVE_TESTED,"Namespace script module execution requires repository cwd, as before. Scripts are not installed as distribution packages."
scripts/dataset/generate_dataset_evidence.py,scripts/phm2026/dataset/generate_dataset_evidence.py,script_path,runpy canonical script forwarding,tests/compatibility/test_cli.py::test_every_old_new_script_help_has_equal_output_and_exit,PASS,Original argv/exit behavior forwarded; canonical __file__ and argv[0]; command execution remains repository-root based.
python -m scripts.dataset.generate_dataset_evidence,python -m scripts.phm2026.dataset.generate_dataset_evidence,python_module,same script wrapper under repository namespace,representative script module subprocess test + wrapper audit,REPRESENTATIVE_TESTED,"Namespace script module execution requires repository cwd, as before. Scripts are not installed as distribution packages."
scripts/dataset/profile_dataset.py,scripts/phm2026/dataset/profile_dataset.py,script_path,runpy canonical script forwarding,tests/compatibility/test_cli.py::test_every_old_new_script_help_has_equal_output_and_exit,PASS,Original argv/exit behavior forwarded; canonical __file__ and argv[0]; command execution remains repository-root based.
python -m scripts.dataset.profile_dataset,python -m scripts.phm2026.dataset.profile_dataset,python_module,same script wrapper under repository namespace,representative script module subprocess test + wrapper audit,REPRESENTATIVE_TESTED,"Namespace script module execution requires repository cwd, as before. Scripts are not installed as distribution packages."
scripts/dataset/profile_images.py,scripts/phm2026/dataset/profile_images.py,script_path,runpy canonical script forwarding,tests/compatibility/test_cli.py::test_every_old_new_script_help_has_equal_output_and_exit,PASS,Original argv/exit behavior forwarded; canonical __file__ and argv[0]; command execution remains repository-root based.
python -m scripts.dataset.profile_images,python -m scripts.phm2026.dataset.profile_images,python_module,same script wrapper under repository namespace,representative script module subprocess test + wrapper audit,REPRESENTATIVE_TESTED,"Namespace script module execution requires repository cwd, as before. Scripts are not installed as distribution packages."
scripts/dataset/profile_sensors.py,scripts/phm2026/dataset/profile_sensors.py,script_path,runpy canonical script forwarding,tests/compatibility/test_cli.py::test_every_old_new_script_help_has_equal_output_and_exit,PASS,Original argv/exit behavior forwarded; canonical __file__ and argv[0]; command execution remains repository-root based.
python -m scripts.dataset.profile_sensors,python -m scripts.phm2026.dataset.profile_sensors,python_module,same script wrapper under repository namespace,representative script module subprocess test + wrapper audit,REPRESENTATIVE_TESTED,"Namespace script module execution requires repository cwd, as before. Scripts are not installed as distribution packages."
scripts/features/build_model_dataset.py,scripts/phm2026/features/build_model_dataset.py,script_path,runpy canonical script forwarding,tests/compatibility/test_cli.py::test_every_old_new_script_help_has_equal_output_and_exit,PASS,Original argv/exit behavior forwarded; canonical __file__ and argv[0]; command execution remains repository-root based.
python -m scripts.features.build_model_dataset,python -m scripts.phm2026.features.build_model_dataset,python_module,same script wrapper under repository namespace,representative script module subprocess test + wrapper audit,REPRESENTATIVE_TESTED,"Namespace script module execution requires repository cwd, as before. Scripts are not installed as distribution packages."
scripts/features/build_sensor_features.py,scripts/phm2026/features/build_sensor_features.py,script_path,runpy canonical script forwarding,tests/compatibility/test_cli.py::test_every_old_new_script_help_has_equal_output_and_exit,PASS,Original argv/exit behavior forwarded; canonical __file__ and argv[0]; command execution remains repository-root based.
python -m scripts.features.build_sensor_features,python -m scripts.phm2026.features.build_sensor_features,python_module,same script wrapper under repository namespace,representative script module subprocess test + wrapper audit,REPRESENTATIVE_TESTED,"Namespace script module execution requires repository cwd, as before. Scripts are not installed as distribution packages."
scripts/results/analyze_photometrics.py,scripts/phm2026/results/analyze_photometrics.py,script_path,runpy canonical script forwarding,tests/compatibility/test_cli.py::test_every_old_new_script_help_has_equal_output_and_exit,PASS,Original argv/exit behavior forwarded; canonical __file__ and argv[0]; command execution remains repository-root based.
python -m scripts.results.analyze_photometrics,python -m scripts.phm2026.results.analyze_photometrics,python_module,same script wrapper under repository namespace,representative script module subprocess test + wrapper audit,REPRESENTATIVE_TESTED,"Namespace script module execution requires repository cwd, as before. Scripts are not installed as distribution packages."
scripts/results/analyze_teacher_identity.py,scripts/phm2026/results/analyze_teacher_identity.py,script_path,runpy canonical script forwarding,tests/compatibility/test_cli.py::test_every_old_new_script_help_has_equal_output_and_exit,PASS,Original argv/exit behavior forwarded; canonical __file__ and argv[0]; command execution remains repository-root based.
python -m scripts.results.analyze_teacher_identity,python -m scripts.phm2026.results.analyze_teacher_identity,python_module,same script wrapper under repository namespace,representative script module subprocess test + wrapper audit,REPRESENTATIVE_TESTED,"Namespace script module execution requires repository cwd, as before. Scripts are not installed as distribution packages."
scripts/results/anomalydino_sweep.py,scripts/phm2026/results/anomalydino_sweep.py,script_path,runpy canonical script forwarding,tests/compatibility/test_cli.py::test_every_old_new_script_help_has_equal_output_and_exit,PASS,Original argv/exit behavior forwarded; canonical __file__ and argv[0]; command execution remains repository-root based.
python -m scripts.results.anomalydino_sweep,python -m scripts.phm2026.results.anomalydino_sweep,python_module,same script wrapper under repository namespace,representative script module subprocess test + wrapper audit,REPRESENTATIVE_TESTED,"Namespace script module execution requires repository cwd, as before. Scripts are not installed as distribution packages."
scripts/results/anomalydino_validated.py,scripts/phm2026/results/anomalydino_validated.py,script_path,runpy canonical script forwarding,tests/compatibility/test_cli.py::test_every_old_new_script_help_has_equal_output_and_exit,PASS,Original argv/exit behavior forwarded; canonical __file__ and argv[0]; command execution remains repository-root based.
python -m scripts.results.anomalydino_validated,python -m scripts.phm2026.results.anomalydino_validated,python_module,same script wrapper under repository namespace,representative script module subprocess test + wrapper audit,REPRESENTATIVE_TESTED,"Namespace script module execution requires repository cwd, as before. Scripts are not installed as distribution packages."
scripts/results/closing_task_c.py,scripts/phm2026/results/closing_task_c.py,script_path,runpy canonical script forwarding,tests/compatibility/test_cli.py::test_every_old_new_script_help_has_equal_output_and_exit,PASS,Original argv/exit behavior forwarded; canonical __file__ and argv[0]; command execution remains repository-root based.
python -m scripts.results.closing_task_c,python -m scripts.phm2026.results.closing_task_c,python_module,same script wrapper under repository namespace,representative script module subprocess test + wrapper audit,REPRESENTATIVE_TESTED,"Namespace script module execution requires repository cwd, as before. Scripts are not installed as distribution packages."
scripts/results/closing_task_c3_retest.py,scripts/phm2026/results/closing_task_c3_retest.py,script_path,runpy canonical script forwarding,tests/compatibility/test_cli.py::test_every_old_new_script_help_has_equal_output_and_exit,PASS,Original argv/exit behavior forwarded; canonical __file__ and argv[0]; command execution remains repository-root based.
python -m scripts.results.closing_task_c3_retest,python -m scripts.phm2026.results.closing_task_c3_retest,python_module,same script wrapper under repository namespace,representative script module subprocess test + wrapper audit,REPRESENTATIVE_TESTED,"Namespace script module execution requires repository cwd, as before. Scripts are not installed as distribution packages."
scripts/results/closing_tasks_a_b.py,scripts/phm2026/results/closing_tasks_a_b.py,script_path,runpy canonical script forwarding,tests/compatibility/test_cli.py::test_every_old_new_script_help_has_equal_output_and_exit,PASS,Original argv/exit behavior forwarded; canonical __file__ and argv[0]; command execution remains repository-root based.
python -m scripts.results.closing_tasks_a_b,python -m scripts.phm2026.results.closing_tasks_a_b,python_module,same script wrapper under repository namespace,representative script module subprocess test + wrapper audit,REPRESENTATIVE_TESTED,"Namespace script module execution requires repository cwd, as before. Scripts are not installed as distribution packages."
scripts/results/diagnose_signal_and_monotonicity.py,scripts/phm2026/results/diagnose_signal_and_monotonicity.py,script_path,runpy canonical script forwarding,tests/compatibility/test_cli.py::test_every_old_new_script_help_has_equal_output_and_exit,PASS,Original argv/exit behavior forwarded; canonical __file__ and argv[0]; command execution remains repository-root based.
python -m scripts.results.diagnose_signal_and_monotonicity,python -m scripts.phm2026.results.diagnose_signal_and_monotonicity,python_module,same script wrapper under repository namespace,representative script module subprocess test + wrapper audit,REPRESENTATIVE_TESTED,"Namespace script module execution requires repository cwd, as before. Scripts are not installed as distribution packages."
scripts/results/evaluate_naive_baselines.py,scripts/phm2026/results/evaluate_naive_baselines.py,script_path,runpy canonical script forwarding,tests/compatibility/test_cli.py::test_every_old_new_script_help_has_equal_output_and_exit,PASS,Original argv/exit behavior forwarded; canonical __file__ and argv[0]; command execution remains repository-root based.
python -m scripts.results.evaluate_naive_baselines,python -m scripts.phm2026.results.evaluate_naive_baselines,python_module,same script wrapper under repository namespace,representative script module subprocess test + wrapper audit,REPRESENTATIVE_TESTED,"Namespace script module execution requires repository cwd, as before. Scripts are not installed as distribution packages."
scripts/results/generate_patchtst_results.py,scripts/phm2026/results/generate_patchtst_results.py,script_path,runpy canonical script forwarding,tests/compatibility/test_cli.py::test_every_old_new_script_help_has_equal_output_and_exit,PASS,Original argv/exit behavior forwarded; canonical __file__ and argv[0]; command execution remains repository-root based.
python -m scripts.results.generate_patchtst_results,python -m scripts.phm2026.results.generate_patchtst_results,python_module,same script wrapper under repository namespace,representative script module subprocess test + wrapper audit,REPRESENTATIVE_TESTED,"Namespace script module execution requires repository cwd, as before. Scripts are not installed as distribution packages."
scripts/results/generate_rtdetr_r4_results.py,scripts/phm2026/results/generate_rtdetr_r4_results.py,script_path,runpy canonical script forwarding,tests/compatibility/test_cli.py::test_every_old_new_script_help_has_equal_output_and_exit,PASS,Original argv/exit behavior forwarded; canonical __file__ and argv[0]; command execution remains repository-root based.
python -m scripts.results.generate_rtdetr_r4_results,python -m scripts.phm2026.results.generate_rtdetr_r4_results,python_module,same script wrapper under repository namespace,representative script module subprocess test + wrapper audit,REPRESENTATIVE_TESTED,"Namespace script module execution requires repository cwd, as before. Scripts are not installed as distribution packages."
scripts/results/generate_rtdetr_results.py,scripts/phm2026/results/generate_rtdetr_results.py,script_path,runpy canonical script forwarding,tests/compatibility/test_cli.py::test_every_old_new_script_help_has_equal_output_and_exit,PASS,Original argv/exit behavior forwarded; canonical __file__ and argv[0]; command execution remains repository-root based.
python -m scripts.results.generate_rtdetr_results,python -m scripts.phm2026.results.generate_rtdetr_results,python_module,same script wrapper under repository namespace,representative script module subprocess test + wrapper audit,REPRESENTATIVE_TESTED,"Namespace script module execution requires repository cwd, as before. Scripts are not installed as distribution packages."
scripts/results/loeo_evaluation.py,scripts/phm2026/results/loeo_evaluation.py,script_path,runpy canonical script forwarding,tests/compatibility/test_cli.py::test_every_old_new_script_help_has_equal_output_and_exit,PASS,Original argv/exit behavior forwarded; canonical __file__ and argv[0]; command execution remains repository-root based.
python -m scripts.results.loeo_evaluation,python -m scripts.phm2026.results.loeo_evaluation,python_module,same script wrapper under repository namespace,representative script module subprocess test + wrapper audit,REPRESENTATIVE_TESTED,"Namespace script module execution requires repository cwd, as before. Scripts are not installed as distribution packages."
scripts/results/monotonic_null_test.py,scripts/phm2026/results/monotonic_null_test.py,script_path,runpy canonical script forwarding,tests/compatibility/test_cli.py::test_every_old_new_script_help_has_equal_output_and_exit,PASS,Original argv/exit behavior forwarded; canonical __file__ and argv[0]; command execution remains repository-root based.
python -m scripts.results.monotonic_null_test,python -m scripts.phm2026.results.monotonic_null_test,python_module,same script wrapper under repository namespace,representative script module subprocess test + wrapper audit,REPRESENTATIVE_TESTED,"Namespace script module execution requires repository cwd, as before. Scripts are not installed as distribution packages."
scripts/results/rescore_monotonic.py,scripts/phm2026/results/rescore_monotonic.py,script_path,runpy canonical script forwarding,tests/compatibility/test_cli.py::test_every_old_new_script_help_has_equal_output_and_exit,PASS,Original argv/exit behavior forwarded; canonical __file__ and argv[0]; command execution remains repository-root based.
python -m scripts.results.rescore_monotonic,python -m scripts.phm2026.results.rescore_monotonic,python_module,same script wrapper under repository namespace,representative script module subprocess test + wrapper audit,REPRESENTATIVE_TESTED,"Namespace script module execution requires repository cwd, as before. Scripts are not installed as distribution packages."
scripts/results/sq2_sq3_fusion.py,scripts/phm2026/results/sq2_sq3_fusion.py,script_path,runpy canonical script forwarding,tests/compatibility/test_cli.py::test_every_old_new_script_help_has_equal_output_and_exit,PASS,Original argv/exit behavior forwarded; canonical __file__ and argv[0]; command execution remains repository-root based.
python -m scripts.results.sq2_sq3_fusion,python -m scripts.phm2026.results.sq2_sq3_fusion,python_module,same script wrapper under repository namespace,representative script module subprocess test + wrapper audit,REPRESENTATIVE_TESTED,"Namespace script module execution requires repository cwd, as before. Scripts are not installed as distribution packages."
scripts/results/verify_target_constants.py,scripts/phm2026/results/verify_target_constants.py,script_path,runpy canonical script forwarding,tests/compatibility/test_cli.py::test_every_old_new_script_help_has_equal_output_and_exit,PASS,Original argv/exit behavior forwarded; canonical __file__ and argv[0]; command execution remains repository-root based.
python -m scripts.results.verify_target_constants,python -m scripts.phm2026.results.verify_target_constants,python_module,same script wrapper under repository namespace,representative script module subprocess test + wrapper audit,REPRESENTATIVE_TESTED,"Namespace script module execution requires repository cwd, as before. Scripts are not installed as distribution packages."
scripts/targets/analyze_tooth_profiles.py,scripts/phm2026/targets/analyze_tooth_profiles.py,script_path,runpy canonical script forwarding,tests/compatibility/test_cli.py::test_every_old_new_script_help_has_equal_output_and_exit,PASS,Original argv/exit behavior forwarded; canonical __file__ and argv[0]; command execution remains repository-root based.
python -m scripts.targets.analyze_tooth_profiles,python -m scripts.phm2026.targets.analyze_tooth_profiles,python_module,same script wrapper under repository namespace,representative script module subprocess test + wrapper audit,REPRESENTATIVE_TESTED,"Namespace script module execution requires repository cwd, as before. Scripts are not installed as distribution packages."
scripts/targets/audit_target.py,scripts/phm2026/targets/audit_target.py,script_path,runpy canonical script forwarding,tests/compatibility/test_cli.py::test_every_old_new_script_help_has_equal_output_and_exit,PASS,Original argv/exit behavior forwarded; canonical __file__ and argv[0]; command execution remains repository-root based.
python -m scripts.targets.audit_target,python -m scripts.phm2026.targets.audit_target,python_module,same script wrapper under repository namespace,representative script module subprocess test + wrapper audit,REPRESENTATIVE_TESTED,"Namespace script module execution requires repository cwd, as before. Scripts are not installed as distribution packages."
scripts/targets/build_rtdetr_pseudo_boxes.py,scripts/phm2026/targets/build_rtdetr_pseudo_boxes.py,script_path,runpy canonical script forwarding,tests/compatibility/test_cli.py::test_every_old_new_script_help_has_equal_output_and_exit,PASS,Original argv/exit behavior forwarded; canonical __file__ and argv[0]; command execution remains repository-root based.
python -m scripts.targets.build_rtdetr_pseudo_boxes,python -m scripts.phm2026.targets.build_rtdetr_pseudo_boxes,python_module,same script wrapper under repository namespace,representative script module subprocess test + wrapper audit,REPRESENTATIVE_TESTED,"Namespace script module execution requires repository cwd, as before. Scripts are not installed as distribution packages."
scripts/targets/derive_image_targets.py,scripts/phm2026/targets/derive_image_targets.py,script_path,runpy canonical script forwarding,tests/compatibility/test_cli.py::test_every_old_new_script_help_has_equal_output_and_exit,PASS,Original argv/exit behavior forwarded; canonical __file__ and argv[0]; command execution remains repository-root based.
python -m scripts.targets.derive_image_targets,python -m scripts.phm2026.targets.derive_image_targets,python_module,same script wrapper under repository namespace,representative script module subprocess test + wrapper audit,REPRESENTATIVE_TESTED,"Namespace script module execution requires repository cwd, as before. Scripts are not installed as distribution packages."
scripts/targets/ingest_blind_inspection.py,scripts/phm2026/targets/ingest_blind_inspection.py,script_path,runpy canonical script forwarding,tests/compatibility/test_cli.py::test_every_old_new_script_help_has_equal_output_and_exit,PASS,Original argv/exit behavior forwarded; canonical __file__ and argv[0]; command execution remains repository-root based.
python -m scripts.targets.ingest_blind_inspection,python -m scripts.phm2026.targets.ingest_blind_inspection,python_module,same script wrapper under repository namespace,representative script module subprocess test + wrapper audit,REPRESENTATIVE_TESTED,"Namespace script module execution requires repository cwd, as before. Scripts are not installed as distribution packages."
scripts/targets/package_blind_inspection.py,scripts/phm2026/targets/package_blind_inspection.py,script_path,runpy canonical script forwarding,tests/compatibility/test_cli.py::test_every_old_new_script_help_has_equal_output_and_exit,PASS,Original argv/exit behavior forwarded; canonical __file__ and argv[0]; command execution remains repository-root based.
python -m scripts.targets.package_blind_inspection,python -m scripts.phm2026.targets.package_blind_inspection,python_module,same script wrapper under repository namespace,representative script module subprocess test + wrapper audit,REPRESENTATIVE_TESTED,"Namespace script module execution requires repository cwd, as before. Scripts are not installed as distribution packages."
scripts/targets/prepare_blind_inspection.py,scripts/phm2026/targets/prepare_blind_inspection.py,script_path,runpy canonical script forwarding,tests/compatibility/test_cli.py::test_every_old_new_script_help_has_equal_output_and_exit,PASS,Original argv/exit behavior forwarded; canonical __file__ and argv[0]; command execution remains repository-root based.
python -m scripts.targets.prepare_blind_inspection,python -m scripts.phm2026.targets.prepare_blind_inspection,python_module,same script wrapper under repository namespace,representative script module subprocess test + wrapper audit,REPRESENTATIVE_TESTED,"Namespace script module execution requires repository cwd, as before. Scripts are not installed as distribution packages."
scripts/targets/score_blind_inspection.py,scripts/phm2026/targets/score_blind_inspection.py,script_path,runpy canonical script forwarding,tests/compatibility/test_cli.py::test_every_old_new_script_help_has_equal_output_and_exit,PASS,Original argv/exit behavior forwarded; canonical __file__ and argv[0]; command execution remains repository-root based.
python -m scripts.targets.score_blind_inspection,python -m scripts.phm2026.targets.score_blind_inspection,python_module,same script wrapper under repository namespace,representative script module subprocess test + wrapper audit,REPRESENTATIVE_TESTED,"Namespace script module execution requires repository cwd, as before. Scripts are not installed as distribution packages."
scripts/training/run_rtdetr_feasibility.py,scripts/phm2026/training/run_rtdetr_feasibility.py,script_path,runpy canonical script forwarding,tests/compatibility/test_cli.py::test_every_old_new_script_help_has_equal_output_and_exit,PASS,Original argv/exit behavior forwarded; canonical __file__ and argv[0]; command execution remains repository-root based.
python -m scripts.training.run_rtdetr_feasibility,python -m scripts.phm2026.training.run_rtdetr_feasibility,python_module,same script wrapper under repository namespace,representative script module subprocess test + wrapper audit,REPRESENTATIVE_TESTED,"Namespace script module execution requires repository cwd, as before. Scripts are not installed as distribution packages."
scripts/training/train_late_fusion.py,scripts/phm2026/training/train_late_fusion.py,script_path,runpy canonical script forwarding,tests/compatibility/test_cli.py::test_every_old_new_script_help_has_equal_output_and_exit,PASS,Original argv/exit behavior forwarded; canonical __file__ and argv[0]; command execution remains repository-root based.
python -m scripts.training.train_late_fusion,python -m scripts.phm2026.training.train_late_fusion,python_module,same script wrapper under repository namespace,representative script module subprocess test + wrapper audit,REPRESENTATIVE_TESTED,"Namespace script module execution requires repository cwd, as before. Scripts are not installed as distribution packages."
scripts/training/train_patchtst.py,scripts/phm2026/training/train_patchtst.py,script_path,runpy canonical script forwarding,tests/compatibility/test_cli.py::test_every_old_new_script_help_has_equal_output_and_exit,PASS,Original argv/exit behavior forwarded; canonical __file__ and argv[0]; command execution remains repository-root based.
python -m scripts.training.train_patchtst,python -m scripts.phm2026.training.train_patchtst,python_module,same script wrapper under repository namespace,representative script module subprocess test + wrapper audit,REPRESENTATIVE_TESTED,"Namespace script module execution requires repository cwd, as before. Scripts are not installed as distribution packages."
scripts/training/train_rtdetr_detector.py,scripts/phm2026/training/train_rtdetr_detector.py,script_path,runpy canonical script forwarding,tests/compatibility/test_cli.py::test_every_old_new_script_help_has_equal_output_and_exit,PASS,Original argv/exit behavior forwarded; canonical __file__ and argv[0]; command execution remains repository-root based.
python -m scripts.training.train_rtdetr_detector,python -m scripts.phm2026.training.train_rtdetr_detector,python_module,same script wrapper under repository namespace,representative script module subprocess test + wrapper audit,REPRESENTATIVE_TESTED,"Namespace script module execution requires repository cwd, as before. Scripts are not installed as distribution packages."
scripts/training/train_rtdetr_multitask.py,scripts/phm2026/training/train_rtdetr_multitask.py,script_path,runpy canonical script forwarding,tests/compatibility/test_cli.py::test_every_old_new_script_help_has_equal_output_and_exit,PASS,Original argv/exit behavior forwarded; canonical __file__ and argv[0]; command execution remains repository-root based.
python -m scripts.training.train_rtdetr_multitask,python -m scripts.phm2026.training.train_rtdetr_multitask,python_module,same script wrapper under repository namespace,representative script module subprocess test + wrapper audit,REPRESENTATIVE_TESTED,"Namespace script module execution requires repository cwd, as before. Scripts are not installed as distribution packages."
scripts/training/train_rtdetr_regression.py,scripts/phm2026/training/train_rtdetr_regression.py,script_path,runpy canonical script forwarding,tests/compatibility/test_cli.py::test_every_old_new_script_help_has_equal_output_and_exit,PASS,Original argv/exit behavior forwarded; canonical __file__ and argv[0]; command execution remains repository-root based.
python -m scripts.training.train_rtdetr_regression,python -m scripts.phm2026.training.train_rtdetr_regression,python_module,same script wrapper under repository namespace,representative script module subprocess test + wrapper audit,REPRESENTATIVE_TESTED,"Namespace script module execution requires repository cwd, as before. Scripts are not installed as distribution packages."
tests/unit/conftest.py,tests/phm2026/conftest.py,filesystem_path,historical test-layout reference; use canonical path,full suite at canonical test locations,HISTORICAL_REFERENCE_ONLY,Old pytest file selectors are not restored. Canonical tests remain domain-owned; no duplicate test collection.
tests/unit/test_alignment.py,tests/phm2026/test_alignment.py,filesystem_path,historical test-layout reference; use canonical path,full suite at canonical test locations,HISTORICAL_REFERENCE_ONLY,Old pytest file selectors are not restored. Canonical tests remain domain-owned; no duplicate test collection.
tests/unit/test_alignment_pipeline.py,tests/phm2026/test_alignment_pipeline.py,filesystem_path,historical test-layout reference; use canonical path,full suite at canonical test locations,HISTORICAL_REFERENCE_ONLY,Old pytest file selectors are not restored. Canonical tests remain domain-owned; no duplicate test collection.
tests/unit/test_archive_io.py,tests/phm2026/test_archive_io.py,filesystem_path,historical test-layout reference; use canonical path,full suite at canonical test locations,HISTORICAL_REFERENCE_ONLY,Old pytest file selectors are not restored. Canonical tests remain domain-owned; no duplicate test collection.
tests/unit/test_asset_inventory.py,tests/phm2026/test_asset_inventory.py,filesystem_path,historical test-layout reference; use canonical path,full suite at canonical test locations,HISTORICAL_REFERENCE_ONLY,Old pytest file selectors are not restored. Canonical tests remain domain-owned; no duplicate test collection.
tests/unit/test_data_contracts.py,tests/phm2026/test_data_contracts.py,filesystem_path,historical test-layout reference; use canonical path,full suite at canonical test locations,HISTORICAL_REFERENCE_ONLY,Old pytest file selectors are not restored. Canonical tests remain domain-owned; no duplicate test collection.
tests/unit/test_dataset_description.py,tests/phm2026/test_dataset_description.py,filesystem_path,historical test-layout reference; use canonical path,full suite at canonical test locations,HISTORICAL_REFERENCE_ONLY,Old pytest file selectors are not restored. Canonical tests remain domain-owned; no duplicate test collection.
tests/unit/test_image_damage_target.py,tests/phm2026/test_image_damage_target.py,filesystem_path,historical test-layout reference; use canonical path,full suite at canonical test locations,HISTORICAL_REFERENCE_ONLY,Old pytest file selectors are not restored. Canonical tests remain domain-owned; no duplicate test collection.
tests/unit/test_image_profile.py,tests/phm2026/test_image_profile.py,filesystem_path,historical test-layout reference; use canonical path,full suite at canonical test locations,HISTORICAL_REFERENCE_ONLY,Old pytest file selectors are not restored. Canonical tests remain domain-owned; no duplicate test collection.
tests/unit/test_intel_foundations.py,tests/intel_welding/test_intel_foundations.py,filesystem_path,historical test-layout reference; use canonical path,full suite at canonical test locations,HISTORICAL_REFERENCE_ONLY,Old pytest file selectors are not restored. Canonical tests remain domain-owned; no duplicate test collection.
tests/unit/test_late_fusion.py,tests/phm2026/test_late_fusion.py,filesystem_path,historical test-layout reference; use canonical path,full suite at canonical test locations,HISTORICAL_REFERENCE_ONLY,Old pytest file selectors are not restored. Canonical tests remain domain-owned; no duplicate test collection.
tests/unit/test_meeting_evidence.py,tests/phm2026/test_meeting_evidence.py,filesystem_path,historical test-layout reference; use canonical path,full suite at canonical test locations,HISTORICAL_REFERENCE_ONLY,Old pytest file selectors are not restored. Canonical tests remain domain-owned; no duplicate test collection.
tests/unit/test_model_dataset.py,tests/phm2026/test_model_dataset.py,filesystem_path,historical test-layout reference; use canonical path,full suite at canonical test locations,HISTORICAL_REFERENCE_ONLY,Old pytest file selectors are not restored. Canonical tests remain domain-owned; no duplicate test collection.
tests/unit/test_monotonic.py,tests/phm2026/test_monotonic.py,filesystem_path,historical test-layout reference; use canonical path,full suite at canonical test locations,HISTORICAL_REFERENCE_ONLY,Old pytest file selectors are not restored. Canonical tests remain domain-owned; no duplicate test collection.
tests/unit/test_ops_scripts.py,tests/ops/test_ops_scripts.py,filesystem_path,historical test-layout reference; use canonical path,full suite at canonical test locations,HISTORICAL_REFERENCE_ONLY,Old pytest file selectors are not restored. Canonical tests remain domain-owned; no duplicate test collection.
tests/unit/test_patchtst.py,tests/phm2026/test_patchtst.py,filesystem_path,historical test-layout reference; use canonical path,full suite at canonical test locations,HISTORICAL_REFERENCE_ONLY,Old pytest file selectors are not restored. Canonical tests remain domain-owned; no duplicate test collection.
tests/unit/test_phm2026_adapter.py,tests/phm2026/test_phm2026_adapter.py,filesystem_path,historical test-layout reference; use canonical path,full suite at canonical test locations,HISTORICAL_REFERENCE_ONLY,Old pytest file selectors are not restored. Canonical tests remain domain-owned; no duplicate test collection.
tests/unit/test_phm_download.py,tests/phm2026/test_phm_download.py,filesystem_path,historical test-layout reference; use canonical path,full suite at canonical test locations,HISTORICAL_REFERENCE_ONLY,Old pytest file selectors are not restored. Canonical tests remain domain-owned; no duplicate test collection.
tests/unit/test_pinned_artifacts.py,tests/phm2026/test_pinned_artifacts.py,filesystem_path,historical test-layout reference; use canonical path,full suite at canonical test locations,HISTORICAL_REFERENCE_ONLY,Old pytest file selectors are not restored. Canonical tests remain domain-owned; no duplicate test collection.
tests/unit/test_pseudo_boxes.py,tests/phm2026/test_pseudo_boxes.py,filesystem_path,historical test-layout reference; use canonical path,full suite at canonical test locations,HISTORICAL_REFERENCE_ONLY,Old pytest file selectors are not restored. Canonical tests remain domain-owned; no duplicate test collection.
tests/unit/test_regression_evaluation.py,tests/phm2026/test_regression_evaluation.py,filesystem_path,historical test-layout reference; use canonical path,full suite at canonical test locations,HISTORICAL_REFERENCE_ONLY,Old pytest file selectors are not restored. Canonical tests remain domain-owned; no duplicate test collection.
tests/unit/test_rtdetr_detection.py,tests/phm2026/test_rtdetr_detection.py,filesystem_path,historical test-layout reference; use canonical path,full suite at canonical test locations,HISTORICAL_REFERENCE_ONLY,Old pytest file selectors are not restored. Canonical tests remain domain-owned; no duplicate test collection.
tests/unit/test_rtdetr_feasibility.py,tests/phm2026/test_rtdetr_feasibility.py,filesystem_path,historical test-layout reference; use canonical path,full suite at canonical test locations,HISTORICAL_REFERENCE_ONLY,Old pytest file selectors are not restored. Canonical tests remain domain-owned; no duplicate test collection.
tests/unit/test_rtdetr_multitask.py,tests/phm2026/test_rtdetr_multitask.py,filesystem_path,historical test-layout reference; use canonical path,full suite at canonical test locations,HISTORICAL_REFERENCE_ONLY,Old pytest file selectors are not restored. Canonical tests remain domain-owned; no duplicate test collection.
tests/unit/test_rtdetr_regression.py,tests/phm2026/test_rtdetr_regression.py,filesystem_path,historical test-layout reference; use canonical path,full suite at canonical test locations,HISTORICAL_REFERENCE_ONLY,Old pytest file selectors are not restored. Canonical tests remain domain-owned; no duplicate test collection.
tests/unit/test_run_infrastructure.py,tests/phm2026/test_run_infrastructure.py,filesystem_path,historical test-layout reference; use canonical path,full suite at canonical test locations,HISTORICAL_REFERENCE_ONLY,Old pytest file selectors are not restored. Canonical tests remain domain-owned; no duplicate test collection.
tests/unit/test_sensor_minute_features.py,tests/phm2026/test_sensor_minute_features.py,filesystem_path,historical test-layout reference; use canonical path,full suite at canonical test locations,HISTORICAL_REFERENCE_ONLY,Old pytest file selectors are not restored. Canonical tests remain domain-owned; no duplicate test collection.
tests/unit/test_sensor_profile.py,tests/phm2026/test_sensor_profile.py,filesystem_path,historical test-layout reference; use canonical path,full suite at canonical test locations,HISTORICAL_REFERENCE_ONLY,Old pytest file selectors are not restored. Canonical tests remain domain-owned; no duplicate test collection.
tests/unit/test_sensor_regression_evaluation.py,tests/phm2026/test_sensor_regression_evaluation.py,filesystem_path,historical test-layout reference; use canonical path,full suite at canonical test locations,HISTORICAL_REFERENCE_ONLY,Old pytest file selectors are not restored. Canonical tests remain domain-owned; no duplicate test collection.
tests/unit/test_target_audit.py,tests/phm2026/test_target_audit.py,filesystem_path,historical test-layout reference; use canonical path,full suite at canonical test locations,HISTORICAL_REFERENCE_ONLY,Old pytest file selectors are not restored. Canonical tests remain domain-owned; no duplicate test collection.
tests/unit/test_target_definition_v3.py,tests/phm2026/test_target_definition_v3.py,filesystem_path,historical test-layout reference; use canonical path,full suite at canonical test locations,HISTORICAL_REFERENCE_ONLY,Old pytest file selectors are not restored. Canonical tests remain domain-owned; no duplicate test collection.
tests/unit/test_timeseries_preprocessing.py,tests/phm2026/test_timeseries_preprocessing.py,filesystem_path,historical test-layout reference; use canonical path,full suite at canonical test locations,HISTORICAL_REFERENCE_ONLY,Old pytest file selectors are not restored. Canonical tests remain domain-owned; no duplicate test collection.
configs,configs,config_path,unchanged repository-relative path resolution,tests/compatibility/test_paths.py::test_config_and_data_paths_preserve_root_contract_from_other_cwd,PASS,No filesystem data change; root discovery tested from legacy/canonical source and script paths.
data,data,filesystem_path,unchanged repository-relative path resolution,tests/compatibility/test_paths.py::test_config_and_data_paths_preserve_root_contract_from_other_cwd,PASS,No filesystem data change; root discovery tested from legacy/canonical source and script paths.
runs,runs,filesystem_path,unchanged repository-relative path resolution,tests/compatibility/test_paths.py::test_config_and_data_paths_preserve_root_contract_from_other_cwd,PASS,No filesystem data change; root discovery tested from legacy/canonical source and script paths.
artifacts,artifacts,filesystem_path,unchanged repository-relative path resolution,tests/compatibility/test_paths.py::test_config_and_data_paths_preserve_root_contract_from_other_cwd,PASS,No filesystem data change; root discovery tested from legacy/canonical source and script paths.
tests/fixtures,tests/fixtures,filesystem_path,unchanged repository-relative path resolution,tests/compatibility/test_paths.py::test_config_and_data_paths_preserve_root_contract_from_other_cwd,PASS,No filesystem data change; root discovery tested from legacy/canonical source and script paths.
pi_multimodal_ad.<historical_object>,phm2026.<same_object>,serialization_reference,legacy qualified-name resolution via forwarding,all import identities; four synthetic pickle GLOBAL fixtures and one config-instance roundtrip,REPRESENTATIVE_TESTED,Supports historical references to exported canonical objects; no claim about arbitrary pickle format/dependency drift or moved full model objects. No historical checkpoint loaded.
pi_multimodal_ad.acquisition.<historical_object>,phm2026.acquisition.<same_object>,serialization_reference,legacy qualified-name resolution via forwarding,all import identities; four synthetic pickle GLOBAL fixtures and one config-instance roundtrip,REPRESENTATIVE_TESTED,Supports historical references to exported canonical objects; no claim about arbitrary pickle format/dependency drift or moved full model objects. No historical checkpoint loaded.
pi_multimodal_ad.acquisition.phm_download.<historical_object>,phm2026.acquisition.phm_download.<same_object>,serialization_reference,legacy qualified-name resolution via forwarding,all import identities; four synthetic pickle GLOBAL fixtures and one config-instance roundtrip,REPRESENTATIVE_TESTED,Supports historical references to exported canonical objects; no claim about arbitrary pickle format/dependency drift or moved full model objects. No historical checkpoint loaded.
pi_multimodal_ad.cli.<historical_object>,phm2026.cli.<same_object>,serialization_reference,legacy qualified-name resolution via forwarding,all import identities; four synthetic pickle GLOBAL fixtures and one config-instance roundtrip,REPRESENTATIVE_TESTED,Supports historical references to exported canonical objects; no claim about arbitrary pickle format/dependency drift or moved full model objects. No historical checkpoint loaded.
pi_multimodal_ad.data_contracts.<historical_object>,phm2026.data_contracts.<same_object>,serialization_reference,legacy qualified-name resolution via forwarding,all import identities; four synthetic pickle GLOBAL fixtures and one config-instance roundtrip,REPRESENTATIVE_TESTED,Supports historical references to exported canonical objects; no claim about arbitrary pickle format/dependency drift or moved full model objects. No historical checkpoint loaded.
pi_multimodal_ad.data_contracts.identifiers.<historical_object>,phm2026.data_contracts.identifiers.<same_object>,serialization_reference,legacy qualified-name resolution via forwarding,all import identities; four synthetic pickle GLOBAL fixtures and one config-instance roundtrip,REPRESENTATIVE_TESTED,Supports historical references to exported canonical objects; no claim about arbitrary pickle format/dependency drift or moved full model objects. No historical checkpoint loaded.
pi_multimodal_ad.data_contracts.records.<historical_object>,phm2026.data_contracts.records.<same_object>,serialization_reference,legacy qualified-name resolution via forwarding,all import identities; four synthetic pickle GLOBAL fixtures and one config-instance roundtrip,REPRESENTATIVE_TESTED,Supports historical references to exported canonical objects; no claim about arbitrary pickle format/dependency drift or moved full model objects. No historical checkpoint loaded.
pi_multimodal_ad.data_contracts.validation.<historical_object>,phm2026.data_contracts.validation.<same_object>,serialization_reference,legacy qualified-name resolution via forwarding,all import identities; four synthetic pickle GLOBAL fixtures and one config-instance roundtrip,REPRESENTATIVE_TESTED,Supports historical references to exported canonical objects; no claim about arbitrary pickle format/dependency drift or moved full model objects. No historical checkpoint loaded.
pi_multimodal_ad.datasets.<historical_object>,phm2026.datasets.<same_object>,serialization_reference,legacy qualified-name resolution via forwarding,all import identities; four synthetic pickle GLOBAL fixtures and one config-instance roundtrip,REPRESENTATIVE_TESTED,Supports historical references to exported canonical objects; no claim about arbitrary pickle format/dependency drift or moved full model objects. No historical checkpoint loaded.
pi_multimodal_ad.datasets.base.<historical_object>,phm2026.datasets.base.<same_object>,serialization_reference,legacy qualified-name resolution via forwarding,all import identities; four synthetic pickle GLOBAL fixtures and one config-instance roundtrip,REPRESENTATIVE_TESTED,Supports historical references to exported canonical objects; no claim about arbitrary pickle format/dependency drift or moved full model objects. No historical checkpoint loaded.
pi_multimodal_ad.datasets.phm2026.<historical_object>,phm2026.datasets.phm2026.<same_object>,serialization_reference,legacy qualified-name resolution via forwarding,all import identities; four synthetic pickle GLOBAL fixtures and one config-instance roundtrip,REPRESENTATIVE_TESTED,Supports historical references to exported canonical objects; no claim about arbitrary pickle format/dependency drift or moved full model objects. No historical checkpoint loaded.
pi_multimodal_ad.evaluation.<historical_object>,phm2026.evaluation.<same_object>,serialization_reference,legacy qualified-name resolution via forwarding,all import identities; four synthetic pickle GLOBAL fixtures and one config-instance roundtrip,REPRESENTATIVE_TESTED,Supports historical references to exported canonical objects; no claim about arbitrary pickle format/dependency drift or moved full model objects. No historical checkpoint loaded.
pi_multimodal_ad.evaluation.monotonic.<historical_object>,phm2026.evaluation.monotonic.<same_object>,serialization_reference,legacy qualified-name resolution via forwarding,all import identities; four synthetic pickle GLOBAL fixtures and one config-instance roundtrip,REPRESENTATIVE_TESTED,Supports historical references to exported canonical objects; no claim about arbitrary pickle format/dependency drift or moved full model objects. No historical checkpoint loaded.
pi_multimodal_ad.evaluation.regression.<historical_object>,phm2026.evaluation.regression.<same_object>,serialization_reference,legacy qualified-name resolution via forwarding,all import identities; four synthetic pickle GLOBAL fixtures and one config-instance roundtrip,REPRESENTATIVE_TESTED,Supports historical references to exported canonical objects; no claim about arbitrary pickle format/dependency drift or moved full model objects. No historical checkpoint loaded.
pi_multimodal_ad.evaluation.sensor_regression.<historical_object>,phm2026.evaluation.sensor_regression.<same_object>,serialization_reference,legacy qualified-name resolution via forwarding,all import identities; four synthetic pickle GLOBAL fixtures and one config-instance roundtrip,REPRESENTATIVE_TESTED,Supports historical references to exported canonical objects; no claim about arbitrary pickle format/dependency drift or moved full model objects. No historical checkpoint loaded.
pi_multimodal_ad.features.<historical_object>,phm2026.features.<same_object>,serialization_reference,legacy qualified-name resolution via forwarding,all import identities; four synthetic pickle GLOBAL fixtures and one config-instance roundtrip,REPRESENTATIVE_TESTED,Supports historical references to exported canonical objects; no claim about arbitrary pickle format/dependency drift or moved full model objects. No historical checkpoint loaded.
pi_multimodal_ad.features.sensor_feature_run.<historical_object>,phm2026.features.sensor_feature_run.<same_object>,serialization_reference,legacy qualified-name resolution via forwarding,all import identities; four synthetic pickle GLOBAL fixtures and one config-instance roundtrip,REPRESENTATIVE_TESTED,Supports historical references to exported canonical objects; no claim about arbitrary pickle format/dependency drift or moved full model objects. No historical checkpoint loaded.
pi_multimodal_ad.features.sensor_minutes.<historical_object>,phm2026.features.sensor_minutes.<same_object>,serialization_reference,legacy qualified-name resolution via forwarding,all import identities; four synthetic pickle GLOBAL fixtures and one config-instance roundtrip,REPRESENTATIVE_TESTED,Supports historical references to exported canonical objects; no claim about arbitrary pickle format/dependency drift or moved full model objects. No historical checkpoint loaded.
pi_multimodal_ad.models.<historical_object>,phm2026.models.<same_object>,serialization_reference,legacy qualified-name resolution via forwarding,all import identities; four synthetic pickle GLOBAL fixtures and one config-instance roundtrip,REPRESENTATIVE_TESTED,Supports historical references to exported canonical objects; no claim about arbitrary pickle format/dependency drift or moved full model objects. No historical checkpoint loaded.
pi_multimodal_ad.models.late_fusion.<historical_object>,phm2026.fusion.late_fusion.<same_object>,serialization_reference,legacy qualified-name resolution via forwarding,all import identities; four synthetic pickle GLOBAL fixtures and one config-instance roundtrip,REPRESENTATIVE_TESTED,Supports historical references to exported canonical objects; no claim about arbitrary pickle format/dependency drift or moved full model objects. No historical checkpoint loaded.
pi_multimodal_ad.models.modality_fusion.<historical_object>,phm2026.fusion.modality_fusion.<same_object>,serialization_reference,legacy qualified-name resolution via forwarding,all import identities; four synthetic pickle GLOBAL fixtures and one config-instance roundtrip,REPRESENTATIVE_TESTED,Supports historical references to exported canonical objects; no claim about arbitrary pickle format/dependency drift or moved full model objects. No historical checkpoint loaded.
pi_multimodal_ad.models.patchtst.<historical_object>,phm2026.models.patchtst.model.<same_object>,serialization_reference,legacy qualified-name resolution via forwarding,all import identities; four synthetic pickle GLOBAL fixtures and one config-instance roundtrip,REPRESENTATIVE_TESTED,Supports historical references to exported canonical objects; no claim about arbitrary pickle format/dependency drift or moved full model objects. No historical checkpoint loaded.
pi_multimodal_ad.models.patchtst_regression.<historical_object>,phm2026.models.patchtst.regression.<same_object>,serialization_reference,legacy qualified-name resolution via forwarding,all import identities; four synthetic pickle GLOBAL fixtures and one config-instance roundtrip,REPRESENTATIVE_TESTED,Supports historical references to exported canonical objects; no claim about arbitrary pickle format/dependency drift or moved full model objects. No historical checkpoint loaded.
pi_multimodal_ad.models.rtdetr_detection.<historical_object>,phm2026.models.rtdetr.detection.<same_object>,serialization_reference,legacy qualified-name resolution via forwarding,all import identities; four synthetic pickle GLOBAL fixtures and one config-instance roundtrip,REPRESENTATIVE_TESTED,Supports historical references to exported canonical objects; no claim about arbitrary pickle format/dependency drift or moved full model objects. No historical checkpoint loaded.
pi_multimodal_ad.models.rtdetr_feasibility.<historical_object>,phm2026.models.rtdetr.feasibility.<same_object>,serialization_reference,legacy qualified-name resolution via forwarding,all import identities; four synthetic pickle GLOBAL fixtures and one config-instance roundtrip,REPRESENTATIVE_TESTED,Supports historical references to exported canonical objects; no claim about arbitrary pickle format/dependency drift or moved full model objects. No historical checkpoint loaded.
pi_multimodal_ad.models.rtdetr_multitask.<historical_object>,phm2026.models.rtdetr.multitask.<same_object>,serialization_reference,legacy qualified-name resolution via forwarding,all import identities; four synthetic pickle GLOBAL fixtures and one config-instance roundtrip,REPRESENTATIVE_TESTED,Supports historical references to exported canonical objects; no claim about arbitrary pickle format/dependency drift or moved full model objects. No historical checkpoint loaded.
pi_multimodal_ad.models.rtdetr_regression.<historical_object>,phm2026.models.rtdetr.regression.<same_object>,serialization_reference,legacy qualified-name resolution via forwarding,all import identities; four synthetic pickle GLOBAL fixtures and one config-instance roundtrip,REPRESENTATIVE_TESTED,Supports historical references to exported canonical objects; no claim about arbitrary pickle format/dependency drift or moved full model objects. No historical checkpoint loaded.
pi_multimodal_ad.preprocessing.<historical_object>,phm2026.preprocessing.<same_object>,serialization_reference,legacy qualified-name resolution via forwarding,all import identities; four synthetic pickle GLOBAL fixtures and one config-instance roundtrip,REPRESENTATIVE_TESTED,Supports historical references to exported canonical objects; no claim about arbitrary pickle format/dependency drift or moved full model objects. No historical checkpoint loaded.
pi_multimodal_ad.preprocessing.timeseries.<historical_object>,phm2026.preprocessing.timeseries.<same_object>,serialization_reference,legacy qualified-name resolution via forwarding,all import identities; four synthetic pickle GLOBAL fixtures and one config-instance roundtrip,REPRESENTATIVE_TESTED,Supports historical references to exported canonical objects; no claim about arbitrary pickle format/dependency drift or moved full model objects. No historical checkpoint loaded.
pi_multimodal_ad.profiling.<historical_object>,phm2026.profiling.<same_object>,serialization_reference,legacy qualified-name resolution via forwarding,all import identities; four synthetic pickle GLOBAL fixtures and one config-instance roundtrip,REPRESENTATIVE_TESTED,Supports historical references to exported canonical objects; no claim about arbitrary pickle format/dependency drift or moved full model objects. No historical checkpoint loaded.
pi_multimodal_ad.profiling.alignment.<historical_object>,phm2026.profiling.alignment.<same_object>,serialization_reference,legacy qualified-name resolution via forwarding,all import identities; four synthetic pickle GLOBAL fixtures and one config-instance roundtrip,REPRESENTATIVE_TESTED,Supports historical references to exported canonical objects; no claim about arbitrary pickle format/dependency drift or moved full model objects. No historical checkpoint loaded.
pi_multimodal_ad.profiling.alignment_artifacts.<historical_object>,phm2026.profiling.alignment_artifacts.<same_object>,serialization_reference,legacy qualified-name resolution via forwarding,all import identities; four synthetic pickle GLOBAL fixtures and one config-instance roundtrip,REPRESENTATIVE_TESTED,Supports historical references to exported canonical objects; no claim about arbitrary pickle format/dependency drift or moved full model objects. No historical checkpoint loaded.
pi_multimodal_ad.profiling.alignment_pipeline.<historical_object>,phm2026.profiling.alignment_pipeline.<same_object>,serialization_reference,legacy qualified-name resolution via forwarding,all import identities; four synthetic pickle GLOBAL fixtures and one config-instance roundtrip,REPRESENTATIVE_TESTED,Supports historical references to exported canonical objects; no claim about arbitrary pickle format/dependency drift or moved full model objects. No historical checkpoint loaded.
pi_multimodal_ad.profiling.archive_io.<historical_object>,phm2026.profiling.archive_io.<same_object>,serialization_reference,legacy qualified-name resolution via forwarding,all import identities; four synthetic pickle GLOBAL fixtures and one config-instance roundtrip,REPRESENTATIVE_TESTED,Supports historical references to exported canonical objects; no claim about arbitrary pickle format/dependency drift or moved full model objects. No historical checkpoint loaded.
pi_multimodal_ad.profiling.assets.<historical_object>,phm2026.profiling.assets.<same_object>,serialization_reference,legacy qualified-name resolution via forwarding,all import identities; four synthetic pickle GLOBAL fixtures and one config-instance roundtrip,REPRESENTATIVE_TESTED,Supports historical references to exported canonical objects; no claim about arbitrary pickle format/dependency drift or moved full model objects. No historical checkpoint loaded.
pi_multimodal_ad.profiling.dataset_description.<historical_object>,phm2026.profiling.dataset_description.<same_object>,serialization_reference,legacy qualified-name resolution via forwarding,all import identities; four synthetic pickle GLOBAL fixtures and one config-instance roundtrip,REPRESENTATIVE_TESTED,Supports historical references to exported canonical objects; no claim about arbitrary pickle format/dependency drift or moved full model objects. No historical checkpoint loaded.
pi_multimodal_ad.profiling.images.<historical_object>,phm2026.profiling.images.<same_object>,serialization_reference,legacy qualified-name resolution via forwarding,all import identities; four synthetic pickle GLOBAL fixtures and one config-instance roundtrip,REPRESENTATIVE_TESTED,Supports historical references to exported canonical objects; no claim about arbitrary pickle format/dependency drift or moved full model objects. No historical checkpoint loaded.
pi_multimodal_ad.profiling.sensors.<historical_object>,phm2026.profiling.sensors.<same_object>,serialization_reference,legacy qualified-name resolution via forwarding,all import identities; four synthetic pickle GLOBAL fixtures and one config-instance roundtrip,REPRESENTATIVE_TESTED,Supports historical references to exported canonical objects; no claim about arbitrary pickle format/dependency drift or moved full model objects. No historical checkpoint loaded.
pi_multimodal_ad.reporting.<historical_object>,phm2026.reporting.<same_object>,serialization_reference,legacy qualified-name resolution via forwarding,all import identities; four synthetic pickle GLOBAL fixtures and one config-instance roundtrip,REPRESENTATIVE_TESTED,Supports historical references to exported canonical objects; no claim about arbitrary pickle format/dependency drift or moved full model objects. No historical checkpoint loaded.
pi_multimodal_ad.reporting.common.<historical_object>,phm2026.reporting.common.<same_object>,serialization_reference,legacy qualified-name resolution via forwarding,all import identities; four synthetic pickle GLOBAL fixtures and one config-instance roundtrip,REPRESENTATIVE_TESTED,Supports historical references to exported canonical objects; no claim about arbitrary pickle format/dependency drift or moved full model objects. No historical checkpoint loaded.
pi_multimodal_ad.reporting.dataset_evidence.<historical_object>,phm2026.reporting.dataset_evidence.<same_object>,serialization_reference,legacy qualified-name resolution via forwarding,all import identities; four synthetic pickle GLOBAL fixtures and one config-instance roundtrip,REPRESENTATIVE_TESTED,Supports historical references to exported canonical objects; no claim about arbitrary pickle format/dependency drift or moved full model objects. No historical checkpoint loaded.
pi_multimodal_ad.reporting.patchtst_results.<historical_object>,phm2026.reporting.patchtst_results.<same_object>,serialization_reference,legacy qualified-name resolution via forwarding,all import identities; four synthetic pickle GLOBAL fixtures and one config-instance roundtrip,REPRESENTATIVE_TESTED,Supports historical references to exported canonical objects; no claim about arbitrary pickle format/dependency drift or moved full model objects. No historical checkpoint loaded.
pi_multimodal_ad.reporting.target_audit.<historical_object>,phm2026.reporting.target_audit.<same_object>,serialization_reference,legacy qualified-name resolution via forwarding,all import identities; four synthetic pickle GLOBAL fixtures and one config-instance roundtrip,REPRESENTATIVE_TESTED,Supports historical references to exported canonical objects; no claim about arbitrary pickle format/dependency drift or moved full model objects. No historical checkpoint loaded.
pi_multimodal_ad.targets.<historical_object>,phm2026.targets.<same_object>,serialization_reference,legacy qualified-name resolution via forwarding,all import identities; four synthetic pickle GLOBAL fixtures and one config-instance roundtrip,REPRESENTATIVE_TESTED,Supports historical references to exported canonical objects; no claim about arbitrary pickle format/dependency drift or moved full model objects. No historical checkpoint loaded.
pi_multimodal_ad.targets.image_damage.<historical_object>,phm2026.targets.image_damage.<same_object>,serialization_reference,legacy qualified-name resolution via forwarding,all import identities; four synthetic pickle GLOBAL fixtures and one config-instance roundtrip,REPRESENTATIVE_TESTED,Supports historical references to exported canonical objects; no claim about arbitrary pickle format/dependency drift or moved full model objects. No historical checkpoint loaded.
pi_multimodal_ad.targets.model_dataset.<historical_object>,phm2026.targets.model_dataset.<same_object>,serialization_reference,legacy qualified-name resolution via forwarding,all import identities; four synthetic pickle GLOBAL fixtures and one config-instance roundtrip,REPRESENTATIVE_TESTED,Supports historical references to exported canonical objects; no claim about arbitrary pickle format/dependency drift or moved full model objects. No historical checkpoint loaded.
pi_multimodal_ad.targets.pseudo_boxes.<historical_object>,phm2026.targets.pseudo_boxes.<same_object>,serialization_reference,legacy qualified-name resolution via forwarding,all import identities; four synthetic pickle GLOBAL fixtures and one config-instance roundtrip,REPRESENTATIVE_TESTED,Supports historical references to exported canonical objects; no claim about arbitrary pickle format/dependency drift or moved full model objects. No historical checkpoint loaded.
pi_multimodal_ad.utils.<historical_object>,phm2026.utils.<same_object>,serialization_reference,legacy qualified-name resolution via forwarding,all import identities; four synthetic pickle GLOBAL fixtures and one config-instance roundtrip,REPRESENTATIVE_TESTED,Supports historical references to exported canonical objects; no claim about arbitrary pickle format/dependency drift or moved full model objects. No historical checkpoint loaded.
pi_multimodal_ad.utils.artifacts.<historical_object>,phm2026.utils.artifacts.<same_object>,serialization_reference,legacy qualified-name resolution via forwarding,all import identities; four synthetic pickle GLOBAL fixtures and one config-instance roundtrip,REPRESENTATIVE_TESTED,Supports historical references to exported canonical objects; no claim about arbitrary pickle format/dependency drift or moved full model objects. No historical checkpoint loaded.
pi_multimodal_ad.utils.config.<historical_object>,phm2026.utils.config.<same_object>,serialization_reference,legacy qualified-name resolution via forwarding,all import identities; four synthetic pickle GLOBAL fixtures and one config-instance roundtrip,REPRESENTATIVE_TESTED,Supports historical references to exported canonical objects; no claim about arbitrary pickle format/dependency drift or moved full model objects. No historical checkpoint loaded.
pi_multimodal_ad.utils.provenance.<historical_object>,phm2026.utils.provenance.<same_object>,serialization_reference,legacy qualified-name resolution via forwarding,all import identities; four synthetic pickle GLOBAL fixtures and one config-instance roundtrip,REPRESENTATIVE_TESTED,Supports historical references to exported canonical objects; no claim about arbitrary pickle format/dependency drift or moved full model objects. No historical checkpoint loaded.
pi_multimodal_ad.utils.seeding.<historical_object>,phm2026.utils.seeding.<same_object>,serialization_reference,legacy qualified-name resolution via forwarding,all import identities; four synthetic pickle GLOBAL fixtures and one config-instance roundtrip,REPRESENTATIVE_TESTED,Supports historical references to exported canonical objects; no claim about arbitrary pickle format/dependency drift or moved full model objects. No historical checkpoint loaded.
pi_multimodal_ad.utils.splitting.<historical_object>,phm2026.utils.splitting.<same_object>,serialization_reference,legacy qualified-name resolution via forwarding,all import identities; four synthetic pickle GLOBAL fixtures and one config-instance roundtrip,REPRESENTATIVE_TESTED,Supports historical references to exported canonical objects; no claim about arbitrary pickle format/dependency drift or moved full model objects. No historical checkpoint loaded.
