path,line,matched_reference,category
REPO_MAP.md,23,scripts/training;src/pi_multimodal_ad;tests/unit,documentation reference
tutorials/patchtst_freq_baseline/CHECKPOINT.md,239,pi_multimodal_ad,documentation reference
tutorials/patchtst_freq_baseline/PLAN.md,114,pi_multimodal_ad,documentation reference
tutorials/patchtst_freq_baseline/PLAN.md,149,pi_multimodal_ad,documentation reference
tutorials/final_baseline_rtdetr/REPORT.md,39,pi_multimodal_ad,documentation reference
tutorials/final_baseline_rtdetr/REPORT.md,273,pi_multimodal_ad,documentation reference
tutorials/final_baseline_rtdetr/CHECKPOINT.md,24,src/pi_multimodal_ad,documentation reference
tutorials/final_baseline_rtdetr/CHECKPOINT.md,47,pi_multimodal_ad,documentation reference
tutorials/final_baseline_rtdetr/CHECKPOINT.md,128,pi_multimodal_ad,documentation reference
tutorials/final_baseline_rtdetr/CHECKPOINT.md,182,pi_multimodal_ad,documentation reference
tutorials/final_baseline_rtdetr/CHECKPOINT.md,246,pi_multimodal_ad,documentation reference
tutorials/final_baseline_rtdetr/PLAN.md,36,pi_multimodal_ad,documentation reference
tutorials/final_baseline_rtdetr/PLAN.md,117,src/pi_multimodal_ad,documentation reference
tutorials/final_baseline_rtdetr/PLAN.md,139,pi_multimodal_ad,documentation reference
tutorials/rtdetr_storybook/raw_demo_data/raw_expb_run1_tooth05.md,5,pi_multimodal_ad,documentation reference
tutorials/rtdetr_storybook/raw_demo_data/raw_expf_run1_tooth02.md,5,pi_multimodal_ad,documentation reference
tutorials/rtdetr_storybook/raw_demo_data/raw_expf_run1_tooth01.md,5,pi_multimodal_ad,documentation reference
tutorials/rtdetr_storybook/raw_demo_data/raw_expb_run1_tooth06.md,5,pi_multimodal_ad,documentation reference
tutorials/rtdetr_storybook/raw_demo_data/raw_expa_run1_tooth05.md,5,pi_multimodal_ad,documentation reference
tutorials/rtdetr_storybook/raw_demo_data/raw_expa_run1_tooth06.md,5,pi_multimodal_ad,documentation reference
docs/REPOSITORY_FOLDER_STRUCTURE_20260929T135756Z.md,110,pi_multimodal_ad,documentation reference
docs/REPOSITORY_FOLDER_STRUCTURE_20260929T135756Z.md,9160,pi_multimodal_ad,documentation reference
docs/planning/PROJECT_STATE.md,106,src/pi_multimodal_ad,documentation reference
docs/planning/PROJECT_STATE.md,107,tests/unit,documentation reference
docs/planning/PROJECT_STATE.md,147,tests/unit,documentation reference
docs/planning/PROJECT_STATE.md,148,src/pi_multimodal_ad,documentation reference
docs/planning/PHM_IMPLEMENTATION_MAP.md,32,src/pi_multimodal_ad,documentation reference
docs/planning/PHM_IMPLEMENTATION_MAP.md,314,src/pi_multimodal_ad,documentation reference
docs/planning/PHM_IMPLEMENTATION_MAP.md,409,src/pi_multimodal_ad,documentation reference
docs/planning/PHM_IMPLEMENTATION_MAP.md,422,src/pi_multimodal_ad,documentation reference
docs/planning/PHM_IMPLEMENTATION_MAP.md,429,src/pi_multimodal_ad,documentation reference
docs/planning/HANDOFF.md,213,scripts/targets,documentation reference
docs/thesis/ARCH_VAL_PB_PREREGISTRATION_20260926T224004Z.md,19,scripts/results,documentation reference
docs/thesis/TARGET_VERSION_LEDGER.md,6,scripts/results,documentation reference
docs/thesis/TARGET_VERSION_LEDGER.md,50,scripts/results,documentation reference
docs/thesis/TARGET_VERSION_LEDGER.md,69,scripts/targets,documentation reference
docs/thesis/FINAL_THESIS_REPRODUCIBILITY.md,34,src/pi_multimodal_ad,documentation reference
docs/thesis/FINAL_THESIS_REPRODUCIBILITY.md,52,scripts/results,documentation reference
docs/thesis/FINAL_THESIS_REPRODUCIBILITY.md,53,scripts/targets,documentation reference
docs/thesis/FINAL_THESIS_REPRODUCIBILITY.md,54,scripts/results,documentation reference
docs/thesis/FINAL_THESIS_REPRODUCIBILITY.md,56,src/pi_multimodal_ad,documentation reference
docs/thesis/FINAL_THESIS_REPRODUCIBILITY.md,57,scripts/results,documentation reference
docs/thesis/FINAL_THESIS_REPRODUCIBILITY.md,58,scripts/results,documentation reference
docs/thesis/FINAL_THESIS_REPRODUCIBILITY.md,88,scripts/targets,documentation reference
docs/thesis/RUN_INDEX.md,314,scripts/training,documentation reference
docs/thesis/OVERNIGHT_20260912T054144Z.md,96,scripts/results,documentation reference
docs/thesis/FUSION_RESULTS_20260912T111025Z.md,62,scripts/results,documentation reference
docs/thesis/ANOMALYDINO_RESULT_20260913T215556Z.md,176,scripts/results,documentation reference
docs/thesis/ANOMALYDINO_RESULT_20260913T215556Z.md,177,scripts/results,documentation reference
runs/phm2026_image_target/20260912T052857044116Z-c936a4e3/provenance.json,3,scripts/targets,valid historical reference
runs/phm2026_loeo_evaluation/20260912T110848985882Z-e1911d4f/provenance.json,3,scripts/results,valid historical reference
runs/reassemble/20260927T204649Z-completion-preflight/environment.json,4,tests/unit,valid historical reference
runs/reassemble/additional_improvements_executed/20260928T000346Z/05_final_comparison/20260930T083000Z/provenance.json,4,tests/unit,valid historical reference
runs/reassemble/additional_improvements_executed/20260928T000346Z/00_protocol_and_preservation/environment.json,3,tests/unit,valid historical reference
runs/phm2026_sensor_features/20260912T053550461436Z-69f2e5ee/provenance.json,3,scripts/features,valid historical reference
runs/phm2026_monotonic_rescoring/20260912T053108724500Z-c0b86e16/provenance.json,3,scripts/results,valid historical reference
runs/phm2026_monotonic_rescoring/20260912T053032782153Z-c0b86e16/provenance.json,3,scripts/results,valid historical reference
runs/_superseded/phm2026_patchtst_baseline/20260911T185916319369Z-433d4154/provenance.json,3,scripts/training,valid historical reference
runs/_superseded/phm2026_patchtst_baseline/20260911T191705540892Z-433d4154/provenance.json,3,scripts/training,valid historical reference
runs/phm2026_fusion_latefusion/20260912T054016807597Z-e1911d4f/provenance.json,3,scripts/training,valid historical reference
runs/phm2026_patchtst_baseline/20260911T193200607744Z-433d4154/provenance.json,3,scripts/training,valid historical reference
runs/phm2026_patchtst_baseline/20260912T052524347942Z-433d4154/provenance.json,3,scripts/training,valid historical reference
runs/phm2026_patchtst_baseline/20260912T053924941825Z-4235307c/provenance.json,3,scripts/training,valid historical reference
runs/phm2026_patchtst_baseline/20260912T110509285682Z-433d4154/provenance.json,3,scripts/training,valid historical reference
runs/thesis/documentation/20260928T025444Z/source_manifest.json,1137,scripts/results,valid historical reference
runs/thesis/documentation/20260928T025444Z/source_manifest.json,1143,scripts/results,valid historical reference
runs/thesis/documentation/20260928T025444Z/source_manifest.json,1149,scripts/results,valid historical reference
runs/thesis/documentation/20260928T025444Z/source_manifest.json,1155,scripts/results,valid historical reference
runs/thesis/documentation/20260928T025444Z/source_manifest.json,1161,scripts/results,valid historical reference
runs/thesis/documentation/20260928T025444Z/source_manifest.json,1167,scripts/targets,valid historical reference
runs/thesis/documentation/20260928T025444Z/source_manifest.json,1179,src/pi_multimodal_ad,valid historical reference
runs/thesis/documentation/20260928T025444Z/preflight.json,4,tests/unit,valid historical reference
artifacts/reassemble/audits/STORAGE_TRIAGE.md,304,tests/unit,valid historical reference
artifacts/reassemble/audits/storage_runs/20260927T123356Z/provenance.json,4,tests/unit,valid historical reference
artifacts/reassemble/audits/triage_runs/20260927T124429Z/command_results.json,47,tests/unit,valid historical reference
artifacts/reassemble/audits/triage_runs/20260927T124429Z/STORAGE_TRIAGE.md,304,tests/unit,valid historical reference
artifacts/intel_welding/audits/foundation_runs/20260927T114705163655Z/provenance.json,9,tests/unit,valid historical reference
artifacts/phm2026/recovery_validation.json,12,tests/unit,valid historical reference
artifacts/phm2026/PHM_RAW_RETIREMENT_REPORT.md,36,src/pi_multimodal_ad,valid historical reference
artifacts/phm2026/PHM_RAW_RETIREMENT_REPORT.md,62,tests/unit,valid historical reference
artifacts/thesis/FINAL_REPRODUCIBILITY_AUDIT.json,7,tests/unit,valid historical reference
artifacts/thesis/FINAL_REPRODUCIBILITY_AUDIT.json,14,tests/unit,valid historical reference
artifacts/thesis/FINAL_REPRODUCIBILITY_AUDIT.json,40,scripts/results,valid historical reference
artifacts/thesis/FINAL_REPRODUCIBILITY_AUDIT.json,66,scripts/targets,valid historical reference
artifacts/thesis/FINAL_REPRODUCIBILITY_AUDIT.json,91,scripts/results,valid historical reference
artifacts/thesis/FINAL_REPRODUCIBILITY_AUDIT.json,92,scripts/results,valid historical reference
artifacts/thesis/FINAL_REPRODUCIBILITY_AUDIT.json,150,src/pi_multimodal_ad,valid historical reference
artifacts/thesis/FINAL_REPRODUCIBILITY_AUDIT.json,160,scripts/results,valid historical reference
artifacts/thesis/FINAL_REPRODUCIBILITY_AUDIT.json,171,scripts/results,valid historical reference
artifacts/thesis/FINAL_REPRODUCIBILITY_AUDIT.json,181,scripts/results,valid historical reference
artifacts/thesis/FINAL_REPRODUCIBILITY_AUDIT.json,191,scripts/results,valid historical reference
artifacts/thesis/FINAL_REPRODUCIBILITY_AUDIT.json,1606,scripts/results,valid historical reference
artifacts/thesis/FINAL_REPRODUCIBILITY_AUDIT.json,1612,scripts/results,valid historical reference
artifacts/thesis/FINAL_REPRODUCIBILITY_AUDIT.json,1618,scripts/results,valid historical reference
artifacts/thesis/FINAL_REPRODUCIBILITY_AUDIT.json,1624,scripts/results,valid historical reference
artifacts/thesis/FINAL_REPRODUCIBILITY_AUDIT.json,1630,scripts/results,valid historical reference
artifacts/thesis/FINAL_REPRODUCIBILITY_AUDIT.json,1636,scripts/targets,valid historical reference
artifacts/thesis/FINAL_REPRODUCIBILITY_AUDIT.json,1648,src/pi_multimodal_ad,valid historical reference
artifacts/thesis/FINAL_VALIDITY_AUDIT/20260928T032231Z/00_protocol/preflight.json,5,tests/unit,valid historical reference
experiments/phm2026_dataset_description/README.md,11,scripts/dataset,valid historical reference
experiments/phm2026_dataset_description/README.md,17,scripts/dataset,valid historical reference
experiments/phm2026_dataset_description/README.md,25,scripts/dataset,valid historical reference
experiments/phm2026_dataset_description/README.md,39,scripts/dataset,valid historical reference
experiments/phm2026_dataset_description/README.md,46,scripts/dataset,valid historical reference
experiments/phm2026_dataset_description/README.md,62,scripts/dataset,valid historical reference
experiments/phm2026_dataset_description/README.md,69,scripts/dataset,valid historical reference
experiments/phm2026_dataset_description/README.md,77,scripts/dataset,valid historical reference
experiments/phm2026_rtdetr_feasibility/README.md,9,scripts/training,valid historical reference
experiments/phm2026_rtdetr_feasibility/README.md,10,scripts/training,valid historical reference
