,,a_visual,a_visual,a_visual,a_visual,a_sensor,a_sensor,a_sensor,a_sensor,delta_visual,delta_visual,delta_visual,delta_visual,delta_sensor,delta_sensor,delta_sensor,delta_sensor
,,mean,std,min,max,mean,std,min,max,mean,std,min,max,mean,std,min,max
model,action,,,,,,,,,,,,,,,,
A-ADAPTIVE,insert,3.55269084022635,0.6544396623167819,0.3835544288158417,7.279541015625,7.4141870337649065,1.5344206299944887,2.1266844272613525,13.214667320251465,0.027574603324805373,0.16507453189328958,-0.8762404322624207,0.7914463877677917,0.13314065937298214,0.22929842043284482,-0.6579664945602417,0.969566285610199
A-ADAPTIVE,pick,3.4113701217648695,0.5617931540577755,1.0677597522735596,5.924554824829102,6.082919984204429,1.2161090123302694,1.3964663743972778,12.776951789855957,-0.015662792129021434,0.12794106283923015,-0.737231433391571,0.47649329900741577,-0.07014722492844544,0.1840409952790951,-0.7869770526885986,0.9043275117874146
A-ADAPTIVE,place,2.960648146841456,0.5876113973394831,0.36948129534721375,8.124773025512695,5.117511692803864,1.3358197637866325,0.9238204956054688,13.140581130981445,-0.14596500554838107,0.17906961994786758,-0.9090731143951416,0.9994524717330933,-0.21820680073351825,0.20460413186932552,-0.8594740033149719,0.9988659024238586
A-ADAPTIVE,remove,3.572799443419107,0.7383456466955999,0.8388022780418396,7.46373176574707,6.731742508219977,1.4869751019380952,1.7557380199432373,11.520718574523926,0.019345787140536034,0.18548059401246894,-0.7935763597488403,0.8367745280265808,0.027970795970281372,0.22461444819394014,-0.7329277396202087,0.8151078224182129
A-CONSTANT,insert,3.5129710935666347,0.34589077184956746,3.149393081665039,4.072718620300293,6.727621242386797,0.1860501848196287,6.377306938171387,6.976677417755127,0.01432978044495775,0.009487749376051808,3.1093950383365154e-05,0.027497706934809685,0.028935898993929125,0.016232058499314136,0.007513514719903469,0.06019748002290726
A-CONSTANT,pick,3.516077697310461,0.3468383180474871,3.149393081665039,4.072718620300293,6.727347759973435,0.1847995030351862,6.377306938171387,6.976677417755127,0.014129742120616972,0.009519014196473035,3.1093950383365154e-05,0.027497706934809685,0.028609407817324004,0.01624347295347908,0.007513514719903469,0.06019748002290726
A-CONSTANT,place,3.549721556624361,0.3651702544826545,3.149393081665039,4.072718620300293,6.726942018697075,0.17126307936794907,6.377306938171387,6.976677417755127,0.012708499613212304,0.009764313659264905,3.1093950383365154e-05,0.027497706934809685,0.027102040078984025,0.016911531491499144,0.007513514719903469,0.06019748002290726
A-CONSTANT,remove,3.5570934363380258,0.36517318600507936,3.149393081665039,4.072718620300293,6.723064660445907,0.16992540219483865,6.377306938171387,6.976677417755127,0.012615766734142001,0.0098223695224603,3.1093950383365154e-05,0.027497706934809685,0.026969193838935555,0.017029059821521083,0.007513514719903469,0.06019748002290726
