model,status,source,source_key,AUROC,AUROC_lower_95,AUROC_upper_95,AUPRC,AUPRC_lower_95,AUPRC_upper_95,balanced_accuracy,balanced_accuracy_lower_95,balanced_accuracy_upper_95,macro_F1,macro_F1_lower_95,macro_F1_upper_95,failure_recall,failure_recall_lower_95,failure_recall_upper_95,failure_precision,failure_precision_lower_95,failure_precision_upper_95,Brier,Brier_lower_95,Brier_upper_95,ECE,ECE_lower_95,ECE_upper_95,parameters,estimated_latency_ms
Prior,frozen Section 1,runs/reassemble/20260927T154732Z-section1/assessment/results.json,metrics.prior,0.4838529449271482,0.4520162331762488,0.516156439493411,0.10834694451493482,0.0962932316258519,0.12214276771915865,0.5,0.5,0.5,0.47023739913460416,0.46690692887086044,0.47337643622171605,0.0,0.0,0.0,0.0,0.0,0.0,0.09975603553369683,0.09100482885822703,0.10891039148999565,0.00017249630698869256,0.00021217522117039091,0.013092137247781594,1.0,
Action only,frozen Section 1,runs/reassemble/20260927T154732Z-section1/assessment/results.json,metrics.action_only,0.6850899183999133,0.6622510182100937,0.7088044371706836,0.18080532658951232,0.16127462418113178,0.2017904736649473,0.6504630161201824,0.6302171005707057,0.6697233951513357,0.4834850440780428,0.4699703377103624,0.4970454097546915,0.7642436149312377,0.7234905117883842,0.8035801820728291,0.17273534635879217,0.15523098543322253,0.19042037816369223,0.09505228441392265,0.08694876002957168,0.10374005763411087,0.008046108056597829,0.0043006952332459315,0.01906337968392706,7.0,
Sensor statistics,frozen Section 1,runs/reassemble/20260927T154732Z-section1/assessment/results.json,metrics.sensor_statistics,0.7793245578590593,0.7548791406899936,0.8039745744073824,0.42939186936802726,0.38012836033478314,0.48283862630110713,0.7056252806361885,0.6829984335112667,0.7285550423266018,0.622331909793349,0.6066074149480931,0.6392751796723387,0.6149312377210217,0.566073076923077,0.6621906205774002,0.2765017667844523,0.2522090763182307,0.3031930974764968,0.08044814771184297,0.07346413408124601,0.08792224729671337,0.017395739756742284,0.012688198710179193,0.027389684653614074,223.0,26.266690358946413
RT-DETR,frozen Section 1,runs/reassemble/20260927T154732Z-section1/assessment/results.json,metrics.rtdetr,0.6977948286232056,0.6715834675678163,0.7231622112103835,0.23065831504271656,0.19832845758965817,0.2701019031362546,0.6414118119557979,0.6175019416985617,0.6658084891133671,0.515284068299497,0.4956149136390504,0.5355475659509766,0.6620825147347741,0.6149419493882091,0.7075273889227024,0.18098818474758324,0.16173996895732434,0.20129012359752652,0.09429877740531123,0.08622086094087031,0.10284236137727869,0.00701712390925374,0.005675592519066651,0.01839533997726438,11305059.0,478.41519268145527
PatchTST,frozen Section 1,runs/reassemble/20260927T154732Z-section1/assessment/results.json,metrics.patchtst,0.7053514236896765,0.6797962738985786,0.7303571140321199,0.24159124413116922,0.21022307552959332,0.2825943494967315,0.6351956745748866,0.6122816205231132,0.65946376605436,0.5462875225461038,0.5285890749549738,0.5642558482781805,0.5638506876227898,0.5172979323308271,0.6099600882307742,0.1956373551465576,0.17445896087513324,0.2192053708415063,0.0937348721039281,0.08585492374668449,0.10253340143016915,0.006733518420371045,0.005792411256805658,0.019836932673279146,109507.0,
Uniform late,adaptive exploratory frozen Section 2,runs/reassemble/20260927T192852Z-section2/assessment/results.json,metrics.F1,0.7950611939576555,0.77279788052418,0.8173724847953838,0.4457423126358656,0.3949385285874458,0.4988784752552788,0.7086843677764428,0.6866210547651,0.7289020979899181,0.6331251630530652,0.6148645079443718,0.6516914940630348,0.6031434184675835,0.5563197235737959,0.6462726174901882,0.29127134724857684,0.26242970209991323,0.3230928606331319,0.08337391577338965,0.07612530572574634,0.09115333466448015,0.03546795837489233,0.026734067999157687,0.044807482656350074,11305282.0,504.6879208136267
Learned static,adaptive exploratory frozen Section 2,runs/reassemble/20260927T192852Z-section2/assessment/results.json,metrics.F2,0.794968361094431,0.7727140091871139,0.8177651105655723,0.44729855144048974,0.3968168176613199,0.5019213228032843,0.7117432106196886,0.6874998717259547,0.7342970548720605,0.6340004094046285,0.6160595670117227,0.6526685126408447,0.6110019646365422,0.5602515066714623,0.6581532416502947,0.292018779342723,0.26400525300884364,0.32248241007915224,0.07844301221744863,0.0712874579274546,0.08577940678370699,0.0138120503802631,0.011797896730167982,0.025109047414119477,11305285.0,504.6929133370174
Concatenation,adaptive exploratory frozen Section 2,runs/reassemble/20260927T192852Z-section2/assessment/results.json,metrics.F3,0.7855844244044894,0.7614946774595451,0.8089965050390965,0.41223149508702217,0.3593354308269345,0.4671619908506931,0.6998801478876371,0.6767587476084908,0.7230194796139181,0.6024366016826433,0.5833887886098558,0.6221356909325906,0.6385068762278978,0.5940548595675894,0.684639705789267,0.2529182879377432,0.22486051388742093,0.282031137006963,0.0827149335115676,0.07548898342994394,0.09026149597317074,0.014913538515426506,0.011727571622329876,0.026078197233933773,11490409.0,
Process gate,adaptive exploratory frozen Section 2,runs/reassemble/20260927T192852Z-section2/assessment/results.json,metrics.F4,0.781506130144834,0.7570849114664054,0.8062519288606659,0.44372532171000467,0.39349178717349687,0.49741492716973723,0.7047052581022324,0.6804793957781521,0.72894370668522,0.6267698580838059,0.6086918154526849,0.645463344262925,0.6031434184675835,0.5522565835065836,0.6525916525988792,0.2826887661141805,0.25439093886669567,0.31394260643884514,0.08017901941461929,0.07310019702900054,0.08776371730937109,0.012785519616624778,0.010867594888628984,0.023661355302787884,11305720.0,
Quality gate,adaptive exploratory frozen Section 2,runs/reassemble/20260927T192852Z-section2/assessment/results.json,metrics.F5,0.7759869721291315,0.7510600704933846,0.8002545913959828,0.44454929401483734,0.3957040837102643,0.4957811348764071,0.7001168716888594,0.6755063319715762,0.7235020316431042,0.6205687851893056,0.6018293594102625,0.6400128105035632,0.6011787819253438,0.5508019483166219,0.6497502103243248,0.2746858168761221,0.24684615913623548,0.30526412008082365,0.08064015702864147,0.07332942566274128,0.08822088456894805,0.01256904474164181,0.010948180475757055,0.024022303982154172,11307256.0,564.0377814193038
Process + quality,adaptive exploratory frozen Section 2,runs/reassemble/20260927T192852Z-section2/assessment/results.json,metrics.F6,0.7755232964070262,0.7514126240054099,0.7989348508248667,0.44135589063026875,0.3935083471384693,0.49365785274777674,0.7019202722054987,0.6777934461537978,0.7254202879828631,0.6384219523367931,0.6206381275001911,0.6564540177017827,0.5717092337917485,0.5200803212851406,0.6241416933848066,0.30124223602484473,0.2713493222049774,0.332001363236736,0.08071092579740805,0.07342161068345622,0.0882890225858495,0.012373600489642136,0.011186840641100168,0.023708735622000366,11307448.0,564.021388877041
Modality dropout,adaptive exploratory modality-dropout follow-up,runs/reassemble/20260927T204649Z-modality-dropout/results.json,conditions.clean.metrics,0.7753742752318501,0.7517514242537336,0.798575448983101,0.4376507703555813,0.38971002797257454,0.4895220730218995,0.6980530505611746,0.673596779905556,0.7224732754190545,0.6310427861871675,0.6118410061777391,0.6499556006319874,0.5736738703339882,0.5228615946904127,0.6224169545370427,0.29025844930417494,0.2602047841306884,0.32347557073649713,0.08087757998640649,0.07363669131679831,0.08847349133678134,0.013020383091608767,0.01075742928556813,0.023505122227050056,11307448.0,564.01613498299
AST,NOT RUN — GATE FAILED (segment alignment),runs/reassemble/20260927T204649Z-audio-gate/results.json,decision,,,,,,,,,,,,,,,,,,,,,,,,,,
Tri-modal fusion,NOT RUN — GATE FAILED (segment alignment),runs/reassemble/20260927T204649Z-audio-gate/results.json,decision,,,,,,,,,,,,,,,,,,,,,,,,,,
