condition,family,severity,model,AUROC,AUPRC,balanced_accuracy,macro_F1,failure_recall,failure_precision,Brier,ECE,AUROC_lower_95,AUPRC_lower_95,balanced_accuracy_lower_95,macro_F1_lower_95,failure_recall_lower_95,failure_precision_lower_95,Brier_lower_95,ECE_lower_95,AUROC_upper_95,AUPRC_upper_95,balanced_accuracy_upper_95,macro_F1_upper_95,failure_recall_upper_95,failure_precision_upper_95,Brier_upper_95,ECE_upper_95,delta_AUROC,delta_AUPRC,status
clean,clean,0.0,U1,0.7793245578590593,0.42939186936802726,0.7056252806361885,0.622331909793349,0.6149312377210217,0.2765017667844523,0.08044814771184297,0.017395739756742284,0.7548791406899988,0.3801283603347833,0.6829984335112667,0.6066074149480931,0.566073076923077,0.2522090763182307,0.07346413408124604,0.0126881987101792,0.8039745744073802,0.48283862630110724,0.7285550423266018,0.6392751796723387,0.6621906205774002,0.3031930974764968,0.08792224729671337,0.027389684653614067,0.0,0.0,
clean,clean,0.0,U2,0.6977948286232056,0.23065831504271656,0.6414118119557979,0.515284068299497,0.6620825147347741,0.18098818474758324,0.09429877740531123,0.00701712390925374,0.6715834675678156,0.1983284575896582,0.6175019416985617,0.4956149136390504,0.6149419493882091,0.16173996895732434,0.0862208609408703,0.0056755925190666474,0.7231622112103823,0.27010190313625443,0.6658084891133671,0.5355475659509766,0.7075273889227024,0.20129012359752652,0.10284236137727866,0.01839533997726437,0.0,0.0,
clean,clean,0.0,F1,0.7950611939576555,0.4457423126358656,0.7086843677764428,0.6331251630530652,0.6031434184675835,0.29127134724857684,0.08337391577338965,0.03546795837489233,0.7727978805241739,0.39493852858744644,0.6866210547651,0.6148645079443718,0.5563197235737959,0.26242970209991323,0.07612530572574637,0.02673406799915769,0.817372484795389,0.49887847525527923,0.7289020979899181,0.6516914940630348,0.6462726174901882,0.3230928606331319,0.0911533346644802,0.04480748265635007,0.0,0.0,
clean,clean,0.0,F2,0.794968361094431,0.44729855144048974,0.7117432106196886,0.6340004094046285,0.6110019646365422,0.292018779342723,0.07844301221744863,0.0138120503802631,0.7727140091871134,0.39681681766131977,0.6874998717259547,0.6160595670117227,0.5602515066714623,0.26400525300884364,0.07128745792745457,0.011797896730167979,0.8177651105655762,0.5019213228032842,0.7342970548720605,0.6526685126408447,0.6581532416502947,0.32248241007915224,0.08577940678370694,0.02510904741411948,0.0,0.0,
clean,clean,0.0,F5,0.7759869721291315,0.44454929401483734,0.7001168716888594,0.6205687851893056,0.6011787819253438,0.2746858168761221,0.08064015702864147,0.01256904474164181,0.7510600704933844,0.395704083710264,0.6755063319715762,0.6018293594102625,0.5508019483166219,0.24684615913623548,0.0733294256627413,0.010948180475757059,0.8002545913959839,0.4957811348764071,0.7235020316431042,0.6400128105035632,0.6497502103243248,0.30526412008082365,0.08822088456894807,0.02402230398215417,0.0,0.0,
clean,clean,0.0,F6,0.7755232964070262,0.44135589063026875,0.7019202722054987,0.6384219523367931,0.5717092337917485,0.30124223602484473,0.08071092579740805,0.012373600489642136,0.7514126240054023,0.39350834713846927,0.6777934461537978,0.6206381275001911,0.5200803212851406,0.2713493222049774,0.07342161068345608,0.011186840641100166,0.7989348508248721,0.4936578527477766,0.7254202879828631,0.6564540177017827,0.6241416933848066,0.332001363236736,0.0882890225858495,0.023708735622000366,0.0,0.0,
V4,V4,1.0,U1,0.7793245578590593,0.42939186936802726,0.7056252806361885,0.622331909793349,0.6149312377210217,0.2765017667844523,0.08044814771184297,0.017395739756742284,0.7548791406899988,0.3801283603347833,0.6829984335112667,0.6066074149480931,0.566073076923077,0.2522090763182307,0.07346413408124604,0.0126881987101792,0.8039745744073802,0.48283862630110724,0.7285550423266018,0.6392751796723387,0.6621906205774002,0.3031930974764968,0.08792224729671337,0.027389684653614067,0.0,0.0,
V4,,,U2,,,,,,,,,,,,,,,,,,,,,,,,,,,unavailable: abstention
V4,V4,1.0,F1,0.7793245578590593,0.42939186936802726,0.7056252806361885,0.622331909793349,0.6149312377210217,0.2765017667844523,0.08044814771184297,0.017395739756742284,0.7548791406899988,0.3801283603347833,0.6829984335112667,0.6066074149480931,0.566073076923077,0.2522090763182307,0.07346413408124604,0.0126881987101792,0.8039745744073802,0.48283862630110724,0.7285550423266018,0.6392751796723387,0.6621906205774002,0.3031930974764968,0.08792224729671337,0.027389684653614067,-0.015736636098596213,-0.016350443267838355,
V4,V4,1.0,F2,0.7793245578590593,0.42939186936802726,0.7056252806361885,0.622331909793349,0.6149312377210217,0.2765017667844523,0.08044814771184297,0.017395739756742284,0.7548791406899988,0.3801283603347833,0.6829984335112667,0.6066074149480931,0.566073076923077,0.2522090763182307,0.07346413408124604,0.0126881987101792,0.8039745744073802,0.48283862630110724,0.7285550423266018,0.6392751796723387,0.6621906205774002,0.3031930974764968,0.08792224729671337,0.027389684653614067,-0.015643803235371734,-0.017906682072462488,
V4,V4,1.0,F5,0.7793245578590593,0.42939186936802726,0.7056252806361885,0.622331909793349,0.6149312377210217,0.2765017667844523,0.08044814771184297,0.017395739756742284,0.7548791406899988,0.3801283603347833,0.6829984335112667,0.6066074149480931,0.566073076923077,0.2522090763182307,0.07346413408124604,0.0126881987101792,0.8039745744073802,0.48283862630110724,0.7285550423266018,0.6392751796723387,0.6621906205774002,0.3031930974764968,0.08792224729671337,0.027389684653614067,0.0033375857299278167,-0.01515742464681008,
V4,V4,1.0,F6,0.7793245578590593,0.42939186936802726,0.7056252806361885,0.622331909793349,0.6149312377210217,0.2765017667844523,0.08044814771184297,0.017395739756742284,0.7548791406899988,0.3801283603347833,0.6829984335112667,0.6066074149480931,0.566073076923077,0.2522090763182307,0.07346413408124604,0.0126881987101792,0.8039745744073802,0.48283862630110724,0.7285550423266018,0.6392751796723387,0.6621906205774002,0.3031930974764968,0.08792224729671337,0.027389684653614067,0.003801261452033078,-0.011964021262241498,
S5,,,U1,,,,,,,,,,,,,,,,,,,,,,,,,,,unavailable: abstention
S5,S5,1.0,U2,0.6977948286232056,0.23065831504271656,0.6414118119557979,0.515284068299497,0.6620825147347741,0.18098818474758324,0.09429877740531123,0.00701712390925374,0.6715834675678156,0.1983284575896582,0.6175019416985617,0.4956149136390504,0.6149419493882091,0.16173996895732434,0.0862208609408703,0.0056755925190666474,0.7231622112103823,0.27010190313625443,0.6658084891133671,0.5355475659509766,0.7075273889227024,0.20129012359752652,0.10284236137727866,0.01839533997726437,0.0,0.0,
S5,S5,1.0,F1,0.6977948286232056,0.23065831504271656,0.6414118119557979,0.515284068299497,0.6620825147347741,0.18098818474758324,0.09429877740531123,0.00701712390925374,0.6715834675678156,0.1983284575896582,0.6175019416985617,0.4956149136390504,0.6149419493882091,0.16173996895732434,0.0862208609408703,0.0056755925190666474,0.7231622112103823,0.27010190313625443,0.6658084891133671,0.5355475659509766,0.7075273889227024,0.20129012359752652,0.10284236137727866,0.01839533997726437,-0.09726636533444988,-0.21508399759314906,
S5,S5,1.0,F2,0.6977948286232056,0.23065831504271656,0.6414118119557979,0.515284068299497,0.6620825147347741,0.18098818474758324,0.09429877740531123,0.00701712390925374,0.6715834675678156,0.1983284575896582,0.6175019416985617,0.4956149136390504,0.6149419493882091,0.16173996895732434,0.0862208609408703,0.0056755925190666474,0.7231622112103823,0.27010190313625443,0.6658084891133671,0.5355475659509766,0.7075273889227024,0.20129012359752652,0.10284236137727866,0.01839533997726437,-0.0971735324712254,-0.2166402363977732,
S5,S5,1.0,F5,0.6977948286232056,0.23065831504271656,0.6414118119557979,0.515284068299497,0.6620825147347741,0.18098818474758324,0.09429877740531123,0.00701712390925374,0.6715834675678156,0.1983284575896582,0.6175019416985617,0.4956149136390504,0.6149419493882091,0.16173996895732434,0.0862208609408703,0.0056755925190666474,0.7231622112103823,0.27010190313625443,0.6658084891133671,0.5355475659509766,0.7075273889227024,0.20129012359752652,0.10284236137727866,0.01839533997726437,-0.07819214350592585,-0.21389097897212078,
S5,S5,1.0,F6,0.6977948286232056,0.23065831504271656,0.6414118119557979,0.515284068299497,0.6620825147347741,0.18098818474758324,0.09429877740531123,0.00701712390925374,0.6715834675678156,0.1983284575896582,0.6175019416985617,0.4956149136390504,0.6149419493882091,0.16173996895732434,0.0862208609408703,0.0056755925190666474,0.7231622112103823,0.27010190313625443,0.6658084891133671,0.5355475659509766,0.7075273889227024,0.20129012359752652,0.10284236137727866,0.01839533997726437,-0.07772846778382059,-0.2106975755875522,
