condition,model,visual_mean,sensor_mean,entropy,visual_shift,visual_shift_lower_95,visual_shift_upper_95
clean,F5,0.21109764804595227,0.7889023520115591,0.3188484932630436,0.0,0.0,0.0
clean,F6,0.23328988455907826,0.7667101155139561,0.3362345390826729,0.0,0.0,0.0
V1_0.02,F5,0.20484206595572513,0.7951579343426409,0.3025641037929382,-0.006255582090227142,-0.015295284322151395,0.0030994498093105316
V1_0.02,F6,0.2325124441719287,0.7674875561391067,0.32901576798408816,-0.0007774403871496033,-0.008595465507468049,0.0070920380948189116
V1_0.05,F5,0.3145351395337847,0.6854648605763017,0.24698266845494402,0.10343749148783248,0.05264713723590958,0.15438711693973683
V1_0.05,F6,0.30550326426558805,0.69449673532974,0.28680559316437004,0.0722133797065098,0.026895272355623823,0.11784285179888407
V1_0.1,F5,0.41635753197875763,0.5836424693085837,0.04849370627024462,0.2052598839328054,0.12324447506014913,0.28831759690707737
V1_0.1,F6,0.4578723760690998,0.5421276246890064,0.28943211190990165,0.22458249151002158,0.16041989435804366,0.289695813094687
V2_1.0,F5,0.23561780251638642,0.7643821970571879,0.3452344677312589,0.02452015447043416,0.014371108545134926,0.03454505143207899
V2_1.0,F6,0.2504910690666394,0.749508930379233,0.35513934975646183,0.017201184507561144,0.009802926909954927,0.024729766202726454
V2_2.0,F5,0.2860288773731929,0.7139711222035696,0.3716261599863754,0.07493122932724058,0.05085730284308173,0.09933414868860188
V2_2.0,F6,0.28430054471940214,0.7156994546636296,0.3784771560251806,0.05101066016032388,0.0353143245083957,0.06639650546344258
V2_4.0,F5,0.32074444597911367,0.6792555533962283,0.3719907927750757,0.10964679793316139,0.07596597431474382,0.14317149628470166
V2_4.0,F6,0.3058909110489734,0.6941090884341959,0.3860774977880215,0.07260102648989519,0.05096714244100931,0.09367819038883128
V3_0.1,F5,0.21975238202123115,0.780247618141314,0.3253878107154523,0.008654733975278897,0.006781356588632174,0.010667214675493968
V3_0.1,F6,0.24741166357558955,0.7525883359527695,0.34670639498472344,0.014121779016511309,0.012573035786028152,0.015751023580698822
V3_0.3,F5,0.23791372609167294,0.7620862733475562,0.3376944156643886,0.02681607804572069,0.021600376339568083,0.03251340867827128
V3_0.3,F6,0.27657620824317625,0.7234237918258207,0.36507649012586046,0.043286323684097995,0.03886929096082215,0.04796407858985379
V3_0.5,F5,0.26019776794102173,0.7398022314260911,0.35244044372242467,0.04910011989506947,0.039366151685964364,0.059359162759996476
V3_0.5,F6,0.31571756563205744,0.6842824338074744,0.38465992896966156,0.08242768107297915,0.07424514931393537,0.0908010189234172
S1_0.1,F5,0.16451995903621486,0.835480041010378,0.2794546772570563,-0.0465776890097374,-0.056511921105608945,-0.03634451223773192
S1_0.1,F6,0.17888088191635487,0.8211191178987934,0.28406711665999806,-0.05440900264272337,-0.06869102491276714,-0.04035602280865696
S1_0.5,F5,0.13957408754013315,0.8604259117217865,0.2533557350797949,-0.07152356050581912,-0.08319796320523984,-0.05971966592510206
S1_0.5,F6,0.16146940213884617,0.8385305971951565,0.2624110600467091,-0.0718204824202321,-0.0909230461385003,-0.05276447630221209
S1_1.0,F5,0.1390411952179907,0.8609588042610635,0.2523600523514178,-0.07205645282796158,-0.08379585286479398,-0.06014616791359233
S1_1.0,F6,0.16143927252193419,0.8385607270606014,0.26179764185244603,-0.07185061203714407,-0.09123553781592901,-0.0523550213959673
S2_0.1,F5,0.46343160682240925,0.5365683937147548,0.3051912616792332,0.252333958776457,0.2288900908741215,0.2751150614051709
S2_0.1,F6,0.5898313240603578,0.41016867645867794,0.3033088591204784,0.3565414395012795,0.3089897985652394,0.40251342124705225
S2_0.3,F5,0.4052982349533485,0.5947017654632525,0.423193452662667,0.19420058690739625,0.17120157805851652,0.21607794410483488
S2_0.3,F6,0.5223279815838499,0.4776720188681524,0.32734796147479567,0.28903809702477157,0.24011868909553977,0.338600413500693
S2_0.5,F5,0.3814277317140553,0.6185722684998591,0.4821181033358211,0.170330083668103,0.1467523886111996,0.192346045855646
S2_0.5,F6,0.5199667887755386,0.4800332114067296,0.32190965372179253,0.28667690421646025,0.2326339514486585,0.3393479182844937
S3_0.1,F5,0.2914848139826661,0.7085151859624549,0.4770174117589084,0.08038716593671383,0.053426310599518675,0.10836386130717938
S3_0.1,F6,0.4350128819431408,0.5649871173968836,0.3671261952483452,0.20172299738406255,0.15102032375073723,0.2526998283381929
S3_0.3,F5,0.3268219131941347,0.6731780882008183,0.5315954511387146,0.11572426514818251,0.08660585601875251,0.14525660689307454
S3_0.3,F6,0.499261761753162,0.5007382381605794,0.3325544548010155,0.2659718771940838,0.2064075387113088,0.3264655800456475
S3_0.5,F5,0.32830183871815327,0.6716981610231801,0.5285560238309783,0.11720419067220103,0.087127890749113,0.1483276904092117
S3_0.5,F6,0.5357218832521561,0.46427811613083564,0.30134502592560725,0.30243199869307785,0.23753798102343926,0.36959160378770956
V4,F5,0.0,1.0,-0.0,-0.21109764804595227,-0.22614418480605453,-0.19581629028880101
V4,F6,0.0,1.0,-0.0,-0.23328988455907826,-0.24622767698608775,-0.22034090032222828
S4,F5,0.1824228690829409,0.8175771305483546,0.3205849626683912,-0.02867477896301137,-0.0376320957706154,-0.020016815333097668
S4,F6,0.20279061815680735,0.797209381852805,0.3385558628239741,-0.030499266402270884,-0.036985531926169365,-0.023236629445617878
S5,F5,1.0,0.0,-0.0,0.7889023519540478,0.7738558151939463,0.804183709711199
S5,F6,1.0,0.0,-0.0,0.7667101154409216,0.7537723230139122,0.779659099677771
