condition,AUROC,AUPRC,balanced_accuracy,macro_F1,failure_recall,failure_precision,Brier,ECE,delta_AP,delta_AP_lower_95,delta_AP_upper_95
clean,0.7753742752318501,0.4376507703555813,0.6980530505611746,0.6310427861871675,0.5736738703339882,0.29025844930417494,0.08087757998640649,0.013020383091608767,-0.0037051202746874456,-0.008546259325574408,0.0002876190513129577
V4,0.7793245578590593,0.42939186936802726,0.7056252806361885,0.622331909793349,0.6149312377210217,0.2765017667844523,0.08044814771184297,0.017395739756742284,0.0,0.0,0.0
S5,0.6977948286232056,0.23065831504271656,0.6414118119557979,0.515284068299497,0.6620825147347741,0.18098818474758324,0.09429877740531123,0.00701712390925374,0.0,0.0,0.0
V1_0.02,0.6601291158549247,0.179024717217469,0.606331983022335,0.4198921912964193,0.7819253438113949,0.14812058057312988,0.16156466826895988,0.16733862271381456,-0.0022863367742593788,-0.00808805532586554,0.003683099686605522
V1_0.05,0.5950493699824448,0.1350762749003081,0.5888982156057907,0.38559456891244065,0.8055009823182712,0.13974096796182686,0.30322970222296436,0.31182194828736215,-0.005794721419553506,-0.010104070573673952,-0.0019923860570618154
V1_0.1,0.577445816145003,0.12739447875769083,0.5765876007541937,0.3586251177477016,0.825147347740668,0.13452914798206278,0.38288466796647896,0.3880371831621984,-8.875103964692266e-05,-0.0035029638052044747,0.0050094154612534735
S1_0.1,0.7640750499953828,0.396898256092758,0.6992088197083192,0.6069581755838025,0.6267190569744597,0.25788197251414713,0.08333597405173063,0.015398138349675477,0.00084631229660731,-0.0026568785064200336,0.0045555307626006574
S1_0.5,0.6669552628660241,0.2738898384301206,0.5797214427790446,0.3753711531318913,0.8015717092337917,0.13645484949832776,0.14021259289342455,0.1609725721084644,-0.0021199232834649973,-0.007876747349526564,0.003756054857832699
S1_1.0,0.6058907826250105,0.18025641380172663,0.5373056189777734,0.266200920634182,0.8821218074656189,0.12148268398268398,0.3581119039076115,0.4248306641424894,0.0014872435731781708,-0.0025390815096355103,0.005983756663438539
V2_2.0,0.7552974584805019,0.43337651282871975,0.69326653927392,0.6603650933124723,0.5049115913555993,0.3506139154160982,0.08249947811125034,0.026482677063204417,-0.003901632574653313,-0.013220973146237889,0.004972780969356323
S2_0.3,0.7519427719599803,0.3510978243692034,0.6837277182805985,0.5891571412954707,0.6168958742632613,0.2384206529992407,0.0874677878521221,0.017817563759728816,0.024642704928113768,0.006288612032222626,0.042839923768614875
