contrast,metric,estimate,lower_95,upper_95,simultaneous_lower_95_three_gates
F1-U1,AUROC,0.015736636098596213,0.0029659370361560856,0.02894512600697977,
F1-U1,AUPRC,0.016350443267838355,-0.0004795424533630326,0.033264925946325394,
F1-U1,balanced_accuracy,0.0030590871402543796,-0.01178262771057712,0.016344338677362263,
F1-U1,macro_F1,0.010793253259716251,-0.0018008240297649608,0.023431193927651767,
F1-U1,failure_recall,-0.011787819253438192,-0.04348041325871715,0.018004545454545447,
F1-U1,failure_precision,0.014769580464124521,-0.0015299275178965468,0.03172947102924704,
F1-U1,Brier,0.0029257680615466797,0.001263154346915818,0.004630227642479442,
F1-U1,ECE,0.01807221861815005,0.0050413477658155445,0.026306986343921722,
F2-U1,AUROC,0.015643803235371734,0.0060298898814543,0.0254650875232094,
F2-U1,AUPRC,0.017906682072462488,0.008602699847244887,0.02828427953738722,
F2-U1,balanced_accuracy,0.006117929983500137,-0.005380893960465175,0.01654762233896587,
F2-U1,macro_F1,0.011668499611279581,0.0025702320897178416,0.0200974752183828,
F2-U1,failure_recall,-0.003929273084479434,-0.025544060663006612,0.016304347826086918,
F2-U1,failure_precision,0.015517012558270704,0.003905236769416233,0.02645752545382153,
F2-U1,Brier,-0.002005135494394336,-0.003098508822344942,-0.000907840894170141,
F2-U1,ECE,-0.003583689376479184,-0.012699533575075753,0.009897112339973329,
F3-U1,AUROC,0.006259866545430093,-0.01659826732517731,0.029467473806781996,
F3-U1,AUPRC,-0.017160374281005086,-0.05727550949786502,0.022976824656780172,
F3-U1,balanced_accuracy,-0.005745132748551374,-0.029097239573968044,0.017133618241000025,
F3-U1,macro_F1,-0.019895308110705612,-0.0379152164983571,-0.0022430774922283726,
F3-U1,failure_recall,0.023575638506876162,-0.022498358958822507,0.071288557109606,
F3-U1,failure_precision,-0.02358347884670914,-0.0442395351744641,-0.003210242538178064,
F3-U1,Brier,0.002266785799724627,-0.0004900780716841181,0.005171648754613057,
F3-U1,ECE,-0.002482201241315778,-0.010918684610398714,0.008708259247188729,
F4-F2,AUROC,-0.013462230949596976,-0.02198496919609414,-0.005440042932706328,
F4-F2,AUPRC,-0.0035732297304850724,-0.013355410290450904,0.005746088599411323,-0.015133439067660796
F4-F2,balanced_accuracy,-0.007037952517456203,-0.017947430713065947,0.004332471134008274,
F4-F2,macro_F1,-0.00723055132082262,-0.016026427885960304,0.0018422672053282842,
F4-F2,failure_recall,-0.007858546168958758,-0.029487765255355833,0.014462903322224387,
F4-F2,failure_precision,-0.009330013228542544,-0.020750927966425605,0.0024739584976302825,
F4-F2,Brier,0.0017360071971706525,0.0005287703550557622,0.0029873841546849867,
F4-F2,ECE,-0.0010265307636383222,-0.009891125334472183,0.00689936037517421,
F5-F2,AUROC,-0.01898138896529955,-0.028858994135706757,-0.009498351136113995,
F5-F2,AUPRC,-0.002749257425652407,-0.0228160552882186,0.017070853655914087,-0.02652826519741427
F5-F2,balanced_accuracy,-0.011626338930829205,-0.02482476183294123,0.0012473616958129888,
F5-F2,macro_F1,-0.013431624215322957,-0.023466665592355496,-0.002879790614844982,
F5-F2,failure_recall,-0.00982318271119842,-0.03516754850088182,0.014958869814019967,
F5-F2,failure_precision,-0.017332962466600932,-0.03004430639257536,-0.004177486741613724,
F5-F2,Brier,0.0021971448111928332,0.0005674353177465487,0.0038690690274203864,
F5-F2,ECE,-0.0012430056386212897,-0.010667285362471515,0.007893995509505059,
F6-F2,AUROC,-0.01944506468740481,-0.028800779228553106,-0.010238936693967287,
F6-F2,AUPRC,-0.00594266081022099,-0.024795788360732665,0.0136945015440086,-0.027641838811320315
F6-F2,balanced_accuracy,-0.009822938414189908,-0.02244995836165154,0.0029944821989831664,
F6-F2,macro_F1,0.004421542932164568,-0.005595439670858754,0.014502436394791799,
F6-F2,failure_recall,-0.03929273084479368,-0.06491533195903545,-0.012241194865042847,
F6-F2,failure_precision,0.009223456682121711,-0.004012548383901607,0.022791560853549275,
F6-F2,Brier,0.0022679135799594102,0.0006611571303531277,0.0039401016890153705,
F6-F2,ECE,-0.0014384498906209638,-0.010233610325894265,0.007391302456189922,
F6-U1,AUROC,-0.003801261452033078,-0.012927344876652952,0.004979326020488716,
F6-U1,AUPRC,0.011964021262241498,-0.00625960857475398,0.030073461207965595,
F6-U1,balanced_accuracy,-0.0037050084306897713,-0.016003318977174365,0.007692199470097357,
F6-U1,macro_F1,0.01609004254344415,0.005295429378024993,0.025980121507496238,
F6-U1,failure_recall,-0.04322200392927311,-0.0661501463301074,-0.021139927745781713,
F6-U1,failure_precision,0.024740469240392415,0.010025341673352155,0.0387847887373534,
F6-U1,Brier,0.0002627780855650741,-0.0008983189320474462,0.0014333351211020522,
F6-U1,ECE,-0.005022139267100148,-0.009332080411102702,0.0041340960068915805,
F6-F4,AUROC,-0.0059828337378078356,-0.01355277770743737,0.0007128739461479625,
F6-F4,AUPRC,-0.0023694310797359175,-0.01895948887018643,0.014908849087641793,
F6-F4,balanced_accuracy,-0.002784985896733705,-0.01285886481487759,0.00665435164517992,
F6-F4,macro_F1,0.011652094252987188,0.001800680911125746,0.021216575502378238,
F6-F4,failure_recall,-0.03143418467583492,-0.05208433880308884,-0.010436789126724863,
F6-F4,failure_precision,0.018553469910664255,0.005129383990316145,0.031642331190689564,
F6-F4,Brier,0.0005319063827887577,-0.00030238428757369955,0.0014132329397039554,
F6-F4,ECE,-0.0004119191269826416,-0.005283222697694851,0.0047137170577665035,
F6-F5,AUROC,-0.0004636757221052612,-0.004614393616954146,0.003917538404736123,
F6-F5,AUPRC,-0.0031934033845685827,-0.014585416773849445,0.007522569332252779,
F6-F5,balanced_accuracy,0.0018034005166392975,-0.008256240369468464,0.01208564089366308,
F6-F5,macro_F1,0.017853167147487525,0.009015122239478892,0.026669478749002405,
F6-F5,failure_recall,-0.029469548133595258,-0.04844961240310075,-0.011581344162918047,
F6-F5,failure_precision,0.026556419148722643,0.014966224950489899,0.03833785429518176,
F6-F5,Brier,7.0768768766577e-05,-0.0004361261641934188,0.0005941819650056136,
F6-F5,ECE,-0.00019544425199967408,-0.0034935033086588223,0.0036852031497826053,
