condition,family,severity,model,AUROC,AUPRC,balanced_accuracy,macro_F1,failure_recall,failure_precision,Brier,ECE,AUROC_lower_95,AUPRC_lower_95,balanced_accuracy_lower_95,macro_F1_lower_95,failure_recall_lower_95,failure_precision_lower_95,Brier_lower_95,ECE_lower_95,AUROC_upper_95,AUPRC_upper_95,balanced_accuracy_upper_95,macro_F1_upper_95,failure_recall_upper_95,failure_precision_upper_95,Brier_upper_95,ECE_upper_95,delta_AUROC,delta_AUPRC
clean,clean,0.0,U1,0.7793245578590593,0.42939186936802726,0.7056252806361885,0.622331909793349,0.6149312377210217,0.2765017667844523,0.08044814771184297,0.017395739756742284,0.7548791406899988,0.3801283603347833,0.6829984335112667,0.6066074149480931,0.566073076923077,0.2522090763182307,0.07346413408124604,0.0126881987101792,0.8039745744073802,0.48283862630110724,0.7285550423266018,0.6392751796723387,0.6621906205774002,0.3031930974764968,0.08792224729671337,0.027389684653614067,0.0,0.0
clean,clean,0.0,U2,0.6977948286232056,0.23065831504271656,0.6414118119557979,0.515284068299497,0.6620825147347741,0.18098818474758324,0.09429877740531123,0.00701712390925374,0.6715834675678156,0.1983284575896582,0.6175019416985617,0.4956149136390504,0.6149419493882091,0.16173996895732434,0.0862208609408703,0.0056755925190666474,0.7231622112103823,0.27010190313625443,0.6658084891133671,0.5355475659509766,0.7075273889227024,0.20129012359752652,0.10284236137727866,0.01839533997726437,0.0,0.0
clean,clean,0.0,F1,0.7950611939576555,0.4457423126358656,0.7086843677764428,0.6331251630530652,0.6031434184675835,0.29127134724857684,0.08337391577338965,0.03546795837489233,0.7727978805241739,0.39493852858744644,0.6866210547651,0.6148645079443718,0.5563197235737959,0.26242970209991323,0.07612530572574637,0.02673406799915769,0.817372484795389,0.49887847525527923,0.7289020979899181,0.6516914940630348,0.6462726174901882,0.3230928606331319,0.0911533346644802,0.04480748265635007,0.0,0.0
clean,clean,0.0,F2,0.794968361094431,0.44729855144048974,0.7117432106196886,0.6340004094046285,0.6110019646365422,0.292018779342723,0.07844301221744863,0.0138120503802631,0.7727140091871134,0.39681681766131977,0.6874998717259547,0.6160595670117227,0.5602515066714623,0.26400525300884364,0.07128745792745457,0.011797896730167979,0.8177651105655762,0.5019213228032842,0.7342970548720605,0.6526685126408447,0.6581532416502947,0.32248241007915224,0.08577940678370694,0.02510904741411948,0.0,0.0
clean,clean,0.0,F5,0.7759869721291315,0.44454929401483734,0.7001168716888594,0.6205687851893056,0.6011787819253438,0.2746858168761221,0.08064015702864147,0.01256904474164181,0.7510600704933844,0.395704083710264,0.6755063319715762,0.6018293594102625,0.5508019483166219,0.24684615913623548,0.0733294256627413,0.010948180475757059,0.8002545913959839,0.4957811348764071,0.7235020316431042,0.6400128105035632,0.6497502103243248,0.30526412008082365,0.08822088456894807,0.02402230398215417,0.0,0.0
clean,clean,0.0,F6,0.7755232964070262,0.44135589063026875,0.7019202722054987,0.6384219523367931,0.5717092337917485,0.30124223602484473,0.08071092579740805,0.012373600489642136,0.7514126240054023,0.39350834713846927,0.6777934461537978,0.6206381275001911,0.5200803212851406,0.2713493222049774,0.07342161068345608,0.011186840641100166,0.7989348508248721,0.4936578527477766,0.7254202879828631,0.6564540177017827,0.6241416933848066,0.332001363236736,0.0882890225858495,0.023708735622000366,0.0,0.0
V3_0.1,V3,0.1,U1,0.7793245578590593,0.42939186936802726,0.7056252806361885,0.622331909793349,0.6149312377210217,0.2765017667844523,0.08044814771184297,0.017395739756742284,0.7548791406899988,0.3801283603347833,0.6829984335112667,0.6066074149480931,0.566073076923077,0.2522090763182307,0.07346413408124604,0.0126881987101792,0.8039745744073802,0.48283862630110724,0.7285550423266018,0.6392751796723387,0.6621906205774002,0.3031930974764968,0.08792224729671337,0.027389684653614067,0.0,0.0
V3_0.1,V3,0.1,U2,0.6988580092041341,0.23202947946542063,0.632459059485833,0.5121603271370114,0.6424361493123772,0.1772357723577236,0.09425495475885988,0.0068255442880540244,0.6724479749426431,0.20026423760283213,0.6098088068788488,0.4934000340325523,0.5970396755847741,0.1581319168656141,0.08609553734798235,0.005708522786751908,0.7241652200445475,0.2701233835186572,0.6555055183644174,0.5309013945617282,0.6869976899108198,0.19723951006781001,0.10282048026044661,0.019377729614797872,0.001063180580928469,0.0013711644227040742
V3_0.1,V3,0.1,F1,0.7960818668591075,0.44732641518202415,0.7080626318898474,0.6321229038865948,0.6031434184675835,0.2898961284230406,0.08333458422631623,0.03691466463759312,0.7736205159263089,0.39673772092065135,0.6852260059298457,0.6128232682467916,0.5546038543897216,0.26018627575334774,0.07607788052520255,0.028354370232027717,0.8182158450241667,0.5001809000887009,0.7294985728112804,0.6512243719036045,0.6484976027024082,0.3215058544538313,0.0911298607715549,0.04593334699116724,0.0010206729014520244,0.001584102546158539
V3_0.1,V3,0.1,F2,0.7956807311711745,0.447914240361253,0.7099029212547681,0.6330633539418178,0.6070726915520629,0.2909604519774011,0.07844200242617462,0.014296332488548747,0.7733946103351872,0.3973762682441378,0.6860548683616726,0.6150939289274694,0.557028819564466,0.2625911286105386,0.07125098530789646,0.012140825377762851,0.8181732565582587,0.5024132048990192,0.7322289962123428,0.651299466543298,0.6543265993265993,0.3208184192684792,0.08580405000208964,0.025678588477997737,0.0007123700767435182,0.0006156889207632465
V3_0.1,V3,0.1,F5,0.7770472211459581,0.4434940713310653,0.6998681773342212,0.6201839532357354,0.6011787819253438,0.27419354838709675,0.0806626095500628,0.012392432771258332,0.7521185397881598,0.39507429746913775,0.6756516437192464,0.6013506567604886,0.5495118768947389,0.24534529445003977,0.0733201584443689,0.011371943578237126,0.8017473303778978,0.49457955099273543,0.7239274024978207,0.6398737195700133,0.6502862306533553,0.3045457852041266,0.08829549508101193,0.022924325922417964,0.0010602490168266643,-0.0010552226837720613
V3_0.1,V3,0.1,F6,0.7768713272998488,0.441160594745103,0.7019202722054987,0.6384219523367931,0.5717092337917485,0.30124223602484473,0.08072387141640655,0.012486495193583113,0.7527440973514855,0.3925644816926163,0.6774826079837536,0.6208172528985607,0.5198289448162158,0.27078220758257765,0.07349889542135786,0.011097025404003043,0.8006928676064022,0.4937398541610158,0.7264039078702197,0.6567575967477228,0.623352165725047,0.33265157860808464,0.08833729560224027,0.023950919012597546,0.0013480308928225382,-0.00019529588516575824
V3_0.3,V3,0.3,U1,0.7793245578590593,0.42939186936802726,0.7056252806361885,0.622331909793349,0.6149312377210217,0.2765017667844523,0.08044814771184297,0.017395739756742284,0.7548791406899988,0.3801283603347833,0.6829984335112667,0.6066074149480931,0.566073076923077,0.2522090763182307,0.07346413408124604,0.0126881987101792,0.8039745744073802,0.48283862630110724,0.7285550423266018,0.6392751796723387,0.6621906205774002,0.3031930974764968,0.08792224729671337,0.027389684653614067,0.0,0.0
V3_0.3,V3,0.3,U2,0.6968931283648858,0.22856018968329006,0.6303576166188414,0.5103685834916283,0.6404715127701375,0.17593092282784673,0.09443690384172716,0.010255998426870493,0.6714236805135059,0.1966448676444131,0.607127709585908,0.49140336224054126,0.5959542230818826,0.15733849992599014,0.08622740461695999,0.007251158660928485,0.7219861494468325,0.26809443170349323,0.6536156290298375,0.5294923153559296,0.6848092613488412,0.19621911717542784,0.10301288176112554,0.02093374919595299,-0.0009017002583198153,-0.002098125359426495
V3_0.3,V3,0.3,F1,0.7950685228679101,0.4483787768828176,0.7111214747330933,0.6329980641691483,0.6110019646365422,0.2906542056074766,0.08335218788855665,0.03706646432467816,0.7734500808766127,0.39895811494172445,0.6884116299867155,0.6141396401134958,0.5630706041385047,0.26182831661092526,0.07608631620192928,0.02827302418618119,0.8174256938617449,0.5013968167804702,0.7323466759656742,0.6516588782760336,0.656155492898914,0.3226672319556412,0.0911489150652496,0.04645268542375901,7.328910254567056e-06,0.002636464246951964
V3_0.3,V3,0.3,F2,0.7953655880302282,0.44797927559345274,0.713595959132042,0.6359790579339051,0.6129666011787819,0.29461756373937675,0.07840423754762248,0.014139967286977652,0.773179686779202,0.3964468016211425,0.6895580559795825,0.6179865147402032,0.5639385119764485,0.26710377966821264,0.07122302163213043,0.011519976248100946,0.8181735122348488,0.5031856600235153,0.7358138118086429,0.6543442107773788,0.6604564450578942,0.32540747172168044,0.0856880122806631,0.025983667228670123,0.00039722693579713475,0.000680724152962997
V3_0.3,V3,0.3,F5,0.7756327414668276,0.44699796347289256,0.6982765823239389,0.6196435682994823,0.5972495088408645,0.27362736273627364,0.08063850410161971,0.013688783719754492,0.7511341254787286,0.39843149082820756,0.6749023469865987,0.6012789451618933,0.5476999210950633,0.24627420743384706,0.07338830944483424,0.011545380576702957,0.7998931770833113,0.4972332063090883,0.721933840943715,0.6380357234811938,0.6449165475972638,0.3033633616490074,0.08811414112917414,0.024442071765650396,-0.00035423066230388933,0.0024486694580552193
V3_0.3,V3,0.3,F6,0.7760978829709838,0.44327232177251696,0.7013109954663361,0.6384414129757201,0.5697445972495089,0.30145530145530147,0.0807309203009483,0.01542508956036988,0.7517786184447052,0.39477772602087563,0.6772950118797125,0.6213722178447855,0.5179567210990427,0.2726413670703466,0.0734601761084383,0.011908082056239246,0.7998499888293278,0.4947626446115685,0.7247490559191078,0.6564264644201055,0.6228932450457317,0.33335073068893517,0.08834836181782905,0.025685107913900586,0.0005745865639575909,0.0019164311422482094
V3_0.5,V3,0.5,U1,0.7793245578590593,0.42939186936802726,0.7056252806361885,0.622331909793349,0.6149312377210217,0.2765017667844523,0.08044814771184297,0.017395739756742284,0.7548791406899988,0.3801283603347833,0.6829984335112667,0.6066074149480931,0.566073076923077,0.2522090763182307,0.07346413408124604,0.0126881987101792,0.8039745744073802,0.48283862630110724,0.7285550423266018,0.6392751796723387,0.6621906205774002,0.3031930974764968,0.08792224729671337,0.027389684653614067,0.0,0.0
V3_0.5,V3,0.5,U2,0.688427015535824,0.21934168758866576,0.6286541335786726,0.5106240816577423,0.6345776031434185,0.17554347826086958,0.09501704330136863,0.010952119810160282,0.6642986695546117,0.19058855015709766,0.6055259540644871,0.4934147653740584,0.5888003605108869,0.15803234403517505,0.08672997110582044,0.00741638574270422,0.714165455614928,0.25492429567164,0.6528328933201774,0.5284848231103008,0.6840102661596958,0.19447610256127637,0.1037165157194507,0.021037193615315305,-0.00936781308738166,-0.011316627454050793
V3_0.5,V3,0.5,F1,0.7938983401972649,0.4411344527941251,0.7102261261969942,0.629552393158734,0.6149312377210217,0.28584474885844746,0.0835397611452335,0.032302485783036274,0.7731993706859889,0.3921404446238719,0.6895014812221,0.6121366688049162,0.5685874671326878,0.2586028454639257,0.07623978110423595,0.024958531587355916,0.8156737847678267,0.4925938199780761,0.7303627481998225,0.6468713832983259,0.6585405620360552,0.3138832862309192,0.09143314461328544,0.04147883061563343,-0.001162853760390603,-0.0046078598417405026
V3_0.5,V3,0.5,F2,0.7959934313420359,0.4454832247553138,0.7076646720630247,0.6294773185918212,0.6070726915520629,0.2861111111111111,0.0785670648775061,0.014904045900344106,0.7745346445475827,0.3951598295881211,0.684755043245499,0.6124967348194029,0.5588864027832985,0.2591073498724786,0.07142982204701546,0.011846218947461778,0.8177847401183941,0.4992974885364495,0.7287281940444474,0.6471471332013036,0.6525100425100425,0.31524680377183845,0.08585936415358102,0.024510847618610526,0.0010250702476048978,-0.001815326685175922
V3_0.5,V3,0.5,F5,0.7735112662451403,0.43915621799953364,0.6911641192188945,0.6162916698548941,0.581532416502947,0.2698268003646308,0.08108969406659809,0.012654094274424644,0.7490215516054679,0.3913880100121236,0.66613287812699,0.5983707578215478,0.5274713682941531,0.24315636405805593,0.07369428104427697,0.011004241856230286,0.7984922241956846,0.4905385293643838,0.7157175092218455,0.6347879249925559,0.6342035966022049,0.29980864800689233,0.08872006980464206,0.024019993669610606,-0.0024757058839911528,-0.005393076015303699
V3_0.5,V3,0.5,F6,0.7725355439932495,0.4380625707365181,0.6948078091004544,0.6348136156464984,0.555992141453831,0.2972689075630252,0.08110546462824296,0.012909802638583408,0.7477890869670719,0.38951000914549966,0.6696701733588218,0.6159768167997498,0.502031508113886,0.26710798800612634,0.07365497967540209,0.011333324750222178,0.797415249524667,0.49014798989079256,0.7200103191944032,0.6530250807929048,0.6098028786544716,0.32902747741529775,0.0887800560653165,0.02422679387043219,-0.0029877524137766898,-0.003293319893750646
